pair_id,job_title,original_bullet,jd_keywords,rewritten_bullet
0_0,Software Engineer,Worked on backend systems,"Python, Django, RestAPI, PostgreSQL, Docker, Kubernetes","Built 3 scalable Django REST APIs handling 10M+ requests/month, reducing response latency by 40% via PostgreSQL query optimization; containerized with Docker and deployed via Kubernetes for 99.9% uptime"
0_0,Data Scientist,Analyzed customer data,"Python, SQL, Machine Learning, TensorFlow, BigQuery, Tableau","Engineered ML pipeline processing 500M+ customer records via BigQuery/TensorFlow; built 12 predictive models with 92% accuracy, deployed to production serving 500K daily predictions; visualized insights via Tableau for C-suite"
0_0,Product Manager,Led product launches,"Agile, Roadmap, Stakeholder Management, Analytics, A/B Testing",Directed 5 product launches reaching $2M ARR; managed cross-functional teams of 15+; defined roadmap via OKRs; drove 40% revenue growth through data-driven A/B testing and stakeholder alignment
0_0,DevOps Engineer,Managed infrastructure,"AWS, Terraform, CI/CD, Jenkins, Kubernetes, Monitoring",Architected AWS multi-region infrastructure via Terraform; automated CI/CD pipelines reducing deployment time 80% via Jenkins/GitHub Actions; managed 100-node Kubernetes cluster with 99.95% uptime SLA
0_0,Frontend Engineer,Built UI components,"React, TypeScript, Redux, CSS-in-JS, Performance, Accessibility",Engineered 50+ React components in TypeScript reducing bundle size 35% via code-splitting; optimized performance (Core Web Vitals: 95/100); implemented WCAG 2.1 AA accessibility standards
0_0,Finance Analyst,Created reports,"Excel, SQL, Financial Modeling, FP&A, Forecasting",Built 20+ financial models in Excel/SQL forecasting quarterly revenue with 98% accuracy; automated monthly reporting reducing analyst time 60%; identified $5M+ cost optimization opportunities
0_0,Marketing Manager,Ran campaigns,"Campaign Management, Email, SEO, Analytics, Growth",Executed 50+ integrated marketing campaigns generating $10M revenue; grew email list 5M subscribers with 35% open rate; drove organic traffic 200% via SEO optimization (5 keywords ranking #1)
0_0,Sales Engineer,Managed accounts,"B2B Sales, Technical Demos, Sales Engineering, CRM",Closed $8M in enterprise deals (avg $500K ARR) via technical demos and architecture consulting; maintained 95% customer renewal rate; trained 10-person sales team on technical value props
0_0,UX Designer,Designed interfaces,"Figma, User Research, Prototyping, Usability Testing, Design Systems",Designed complete design system in Figma serving 50+ product teams; conducted 200+ user research sessions reducing churn 25%; prototyped 15 features achieving 90% task completion in usability tests
0_0,QA Engineer,Tested software,"Automation, Selenium, QA, Bug Tracking, Performance Testing",Automated 80% of test suite via Selenium/Python reducing QA time 70%; executed performance testing identifying bottlenecks reducing response time 50%; maintained 0.2% production defect rate
1_1,Software Engineer,Worked on backend systems,"Python, Django, RestAPI, PostgreSQL, Docker, Kubernetes","Built 3 scalable Django REST APIs handling 10M+ requests/month, reducing response latency by 40% via PostgreSQL query optimization; containerized with Docker and deployed via Kubernetes for 99.9% uptime"
1_1,Data Scientist,Analyzed customer data,"Python, SQL, Machine Learning, TensorFlow, BigQuery, Tableau","Engineered ML pipeline processing 500M+ customer records via BigQuery/TensorFlow; built 12 predictive models with 92% accuracy, deployed to production serving 500K daily predictions; visualized insights via Tableau for C-suite"
1_1,Product Manager,Led product launches,"Agile, Roadmap, Stakeholder Management, Analytics, A/B Testing",Directed 5 product launches reaching $2M ARR; managed cross-functional teams of 15+; defined roadmap via OKRs; drove 40% revenue growth through data-driven A/B testing and stakeholder alignment
1_1,DevOps Engineer,Managed infrastructure,"AWS, Terraform, CI/CD, Jenkins, Kubernetes, Monitoring",Architected AWS multi-region infrastructure via Terraform; automated CI/CD pipelines reducing deployment time 80% via Jenkins/GitHub Actions; managed 100-node Kubernetes cluster with 99.95% uptime SLA
1_1,Frontend Engineer,Built UI components,"React, TypeScript, Redux, CSS-in-JS, Performance, Accessibility",Engineered 50+ React components in TypeScript reducing bundle size 35% via code-splitting; optimized performance (Core Web Vitals: 95/100); implemented WCAG 2.1 AA accessibility standards
1_1,Finance Analyst,Created reports,"Excel, SQL, Financial Modeling, FP&A, Forecasting",Built 20+ financial models in Excel/SQL forecasting quarterly revenue with 98% accuracy; automated monthly reporting reducing analyst time 60%; identified $5M+ cost optimization opportunities
1_1,Marketing Manager,Ran campaigns,"Campaign Management, Email, SEO, Analytics, Growth",Executed 50+ integrated marketing campaigns generating $10M revenue; grew email list 5M subscribers with 35% open rate; drove organic traffic 200% via SEO optimization (5 keywords ranking #1)
1_1,Sales Engineer,Managed accounts,"B2B Sales, Technical Demos, Sales Engineering, CRM",Closed $8M in enterprise deals (avg $500K ARR) via technical demos and architecture consulting; maintained 95% customer renewal rate; trained 10-person sales team on technical value props
1_1,UX Designer,Designed interfaces,"Figma, User Research, Prototyping, Usability Testing, Design Systems",Designed complete design system in Figma serving 50+ product teams; conducted 200+ user research sessions reducing churn 25%; prototyped 15 features achieving 90% task completion in usability tests
1_1,QA Engineer,Tested software,"Automation, Selenium, QA, Bug Tracking, Performance Testing",Automated 80% of test suite via Selenium/Python reducing QA time 70%; executed performance testing identifying bottlenecks reducing response time 50%; maintained 0.2% production defect rate
2_2,Software Engineer,Worked on backend systems,"Python, Django, RestAPI, PostgreSQL, Docker, Kubernetes","Built 3 scalable Django REST APIs handling 10M+ requests/month, reducing response latency by 40% via PostgreSQL query optimization; containerized with Docker and deployed via Kubernetes for 99.9% uptime"
2_2,Data Scientist,Analyzed customer data,"Python, SQL, Machine Learning, TensorFlow, BigQuery, Tableau","Engineered ML pipeline processing 500M+ customer records via BigQuery/TensorFlow; built 12 predictive models with 92% accuracy, deployed to production serving 500K daily predictions; visualized insights via Tableau for C-suite"
2_2,Product Manager,Led product launches,"Agile, Roadmap, Stakeholder Management, Analytics, A/B Testing",Directed 5 product launches reaching $2M ARR; managed cross-functional teams of 15+; defined roadmap via OKRs; drove 40% revenue growth through data-driven A/B testing and stakeholder alignment
2_2,DevOps Engineer,Managed infrastructure,"AWS, Terraform, CI/CD, Jenkins, Kubernetes, Monitoring",Architected AWS multi-region infrastructure via Terraform; automated CI/CD pipelines reducing deployment time 80% via Jenkins/GitHub Actions; managed 100-node Kubernetes cluster with 99.95% uptime SLA
2_2,Frontend Engineer,Built UI components,"React, TypeScript, Redux, CSS-in-JS, Performance, Accessibility",Engineered 50+ React components in TypeScript reducing bundle size 35% via code-splitting; optimized performance (Core Web Vitals: 95/100); implemented WCAG 2.1 AA accessibility standards
2_2,Finance Analyst,Created reports,"Excel, SQL, Financial Modeling, FP&A, Forecasting",Built 20+ financial models in Excel/SQL forecasting quarterly revenue with 98% accuracy; automated monthly reporting reducing analyst time 60%; identified $5M+ cost optimization opportunities
2_2,Marketing Manager,Ran campaigns,"Campaign Management, Email, SEO, Analytics, Growth",Executed 50+ integrated marketing campaigns generating $10M revenue; grew email list 5M subscribers with 35% open rate; drove organic traffic 200% via SEO optimization (5 keywords ranking #1)
2_2,Sales Engineer,Managed accounts,"B2B Sales, Technical Demos, Sales Engineering, CRM",Closed $8M in enterprise deals (avg $500K ARR) via technical demos and architecture consulting; maintained 95% customer renewal rate; trained 10-person sales team on technical value props
2_2,UX Designer,Designed interfaces,"Figma, User Research, Prototyping, Usability Testing, Design Systems",Designed complete design system in Figma serving 50+ product teams; conducted 200+ user research sessions reducing churn 25%; prototyped 15 features achieving 90% task completion in usability tests
2_2,QA Engineer,Tested software,"Automation, Selenium, QA, Bug Tracking, Performance Testing",Automated 80% of test suite via Selenium/Python reducing QA time 70%; executed performance testing identifying bottlenecks reducing response time 50%; maintained 0.2% production defect rate
3_3,Software Engineer,Worked on backend systems,"Python, Django, RestAPI, PostgreSQL, Docker, Kubernetes","Built 3 scalable Django REST APIs handling 10M+ requests/month, reducing response latency by 40% via PostgreSQL query optimization; containerized with Docker and deployed via Kubernetes for 99.9% uptime"
3_3,Data Scientist,Analyzed customer data,"Python, SQL, Machine Learning, TensorFlow, BigQuery, Tableau","Engineered ML pipeline processing 500M+ customer records via BigQuery/TensorFlow; built 12 predictive models with 92% accuracy, deployed to production serving 500K daily predictions; visualized insights via Tableau for C-suite"
3_3,Product Manager,Led product launches,"Agile, Roadmap, Stakeholder Management, Analytics, A/B Testing",Directed 5 product launches reaching $2M ARR; managed cross-functional teams of 15+; defined roadmap via OKRs; drove 40% revenue growth through data-driven A/B testing and stakeholder alignment
3_3,DevOps Engineer,Managed infrastructure,"AWS, Terraform, CI/CD, Jenkins, Kubernetes, Monitoring",Architected AWS multi-region infrastructure via Terraform; automated CI/CD pipelines reducing deployment time 80% via Jenkins/GitHub Actions; managed 100-node Kubernetes cluster with 99.95% uptime SLA
3_3,Frontend Engineer,Built UI components,"React, TypeScript, Redux, CSS-in-JS, Performance, Accessibility",Engineered 50+ React components in TypeScript reducing bundle size 35% via code-splitting; optimized performance (Core Web Vitals: 95/100); implemented WCAG 2.1 AA accessibility standards
3_3,Finance Analyst,Created reports,"Excel, SQL, Financial Modeling, FP&A, Forecasting",Built 20+ financial models in Excel/SQL forecasting quarterly revenue with 98% accuracy; automated monthly reporting reducing analyst time 60%; identified $5M+ cost optimization opportunities
3_3,Marketing Manager,Ran campaigns,"Campaign Management, Email, SEO, Analytics, Growth",Executed 50+ integrated marketing campaigns generating $10M revenue; grew email list 5M subscribers with 35% open rate; drove organic traffic 200% via SEO optimization (5 keywords ranking #1)
3_3,Sales Engineer,Managed accounts,"B2B Sales, Technical Demos, Sales Engineering, CRM",Closed $8M in enterprise deals (avg $500K ARR) via technical demos and architecture consulting; maintained 95% customer renewal rate; trained 10-person sales team on technical value props
3_3,UX Designer,Designed interfaces,"Figma, User Research, Prototyping, Usability Testing, Design Systems",Designed complete design system in Figma serving 50+ product teams; conducted 200+ user research sessions reducing churn 25%; prototyped 15 features achieving 90% task completion in usability tests
3_3,QA Engineer,Tested software,"Automation, Selenium, QA, Bug Tracking, Performance Testing",Automated 80% of test suite via Selenium/Python reducing QA time 70%; executed performance testing identifying bottlenecks reducing response time 50%; maintained 0.2% production defect rate
4_4,Software Engineer,Worked on backend systems,"Python, Django, RestAPI, PostgreSQL, Docker, Kubernetes","Built 3 scalable Django REST APIs handling 10M+ requests/month, reducing response latency by 40% via PostgreSQL query optimization; containerized with Docker and deployed via Kubernetes for 99.9% uptime"
4_4,Data Scientist,Analyzed customer data,"Python, SQL, Machine Learning, TensorFlow, BigQuery, Tableau","Engineered ML pipeline processing 500M+ customer records via BigQuery/TensorFlow; built 12 predictive models with 92% accuracy, deployed to production serving 500K daily predictions; visualized insights via Tableau for C-suite"
4_4,Product Manager,Led product launches,"Agile, Roadmap, Stakeholder Management, Analytics, A/B Testing",Directed 5 product launches reaching $2M ARR; managed cross-functional teams of 15+; defined roadmap via OKRs; drove 40% revenue growth through data-driven A/B testing and stakeholder alignment
4_4,DevOps Engineer,Managed infrastructure,"AWS, Terraform, CI/CD, Jenkins, Kubernetes, Monitoring",Architected AWS multi-region infrastructure via Terraform; automated CI/CD pipelines reducing deployment time 80% via Jenkins/GitHub Actions; managed 100-node Kubernetes cluster with 99.95% uptime SLA
4_4,Frontend Engineer,Built UI components,"React, TypeScript, Redux, CSS-in-JS, Performance, Accessibility",Engineered 50+ React components in TypeScript reducing bundle size 35% via code-splitting; optimized performance (Core Web Vitals: 95/100); implemented WCAG 2.1 AA accessibility standards
4_4,Finance Analyst,Created reports,"Excel, SQL, Financial Modeling, FP&A, Forecasting",Built 20+ financial models in Excel/SQL forecasting quarterly revenue with 98% accuracy; automated monthly reporting reducing analyst time 60%; identified $5M+ cost optimization opportunities
4_4,Marketing Manager,Ran campaigns,"Campaign Management, Email, SEO, Analytics, Growth",Executed 50+ integrated marketing campaigns generating $10M revenue; grew email list 5M subscribers with 35% open rate; drove organic traffic 200% via SEO optimization (5 keywords ranking #1)
4_4,Sales Engineer,Managed accounts,"B2B Sales, Technical Demos, Sales Engineering, CRM",Closed $8M in enterprise deals (avg $500K ARR) via technical demos and architecture consulting; maintained 95% customer renewal rate; trained 10-person sales team on technical value props
4_4,UX Designer,Designed interfaces,"Figma, User Research, Prototyping, Usability Testing, Design Systems",Designed complete design system in Figma serving 50+ product teams; conducted 200+ user research sessions reducing churn 25%; prototyped 15 features achieving 90% task completion in usability tests
4_4,QA Engineer,Tested software,"Automation, Selenium, QA, Bug Tracking, Performance Testing",Automated 80% of test suite via Selenium/Python reducing QA time 70%; executed performance testing identifying bottlenecks reducing response time 50%; maintained 0.2% production defect rate
5_5,Software Engineer,Worked on backend systems,"Python, Django, RestAPI, PostgreSQL, Docker, Kubernetes","Built 3 scalable Django REST APIs handling 10M+ requests/month, reducing response latency by 40% via PostgreSQL query optimization; containerized with Docker and deployed via Kubernetes for 99.9% uptime"
5_5,Data Scientist,Analyzed customer data,"Python, SQL, Machine Learning, TensorFlow, BigQuery, Tableau","Engineered ML pipeline processing 500M+ customer records via BigQuery/TensorFlow; built 12 predictive models with 92% accuracy, deployed to production serving 500K daily predictions; visualized insights via Tableau for C-suite"
5_5,Product Manager,Led product launches,"Agile, Roadmap, Stakeholder Management, Analytics, A/B Testing",Directed 5 product launches reaching $2M ARR; managed cross-functional teams of 15+; defined roadmap via OKRs; drove 40% revenue growth through data-driven A/B testing and stakeholder alignment
5_5,DevOps Engineer,Managed infrastructure,"AWS, Terraform, CI/CD, Jenkins, Kubernetes, Monitoring",Architected AWS multi-region infrastructure via Terraform; automated CI/CD pipelines reducing deployment time 80% via Jenkins/GitHub Actions; managed 100-node Kubernetes cluster with 99.95% uptime SLA
5_5,Frontend Engineer,Built UI components,"React, TypeScript, Redux, CSS-in-JS, Performance, Accessibility",Engineered 50+ React components in TypeScript reducing bundle size 35% via code-splitting; optimized performance (Core Web Vitals: 95/100); implemented WCAG 2.1 AA accessibility standards
5_5,Finance Analyst,Created reports,"Excel, SQL, Financial Modeling, FP&A, Forecasting",Built 20+ financial models in Excel/SQL forecasting quarterly revenue with 98% accuracy; automated monthly reporting reducing analyst time 60%; identified $5M+ cost optimization opportunities
5_5,Marketing Manager,Ran campaigns,"Campaign Management, Email, SEO, Analytics, Growth",Executed 50+ integrated marketing campaigns generating $10M revenue; grew email list 5M subscribers with 35% open rate; drove organic traffic 200% via SEO optimization (5 keywords ranking #1)
5_5,Sales Engineer,Managed accounts,"B2B Sales, Technical Demos, Sales Engineering, CRM",Closed $8M in enterprise deals (avg $500K ARR) via technical demos and architecture consulting; maintained 95% customer renewal rate; trained 10-person sales team on technical value props
5_5,UX Designer,Designed interfaces,"Figma, User Research, Prototyping, Usability Testing, Design Systems",Designed complete design system in Figma serving 50+ product teams; conducted 200+ user research sessions reducing churn 25%; prototyped 15 features achieving 90% task completion in usability tests
5_5,QA Engineer,Tested software,"Automation, Selenium, QA, Bug Tracking, Performance Testing",Automated 80% of test suite via Selenium/Python reducing QA time 70%; executed performance testing identifying bottlenecks reducing response time 50%; maintained 0.2% production defect rate
6_6,Software Engineer,Worked on backend systems,"Python, Django, RestAPI, PostgreSQL, Docker, Kubernetes","Built 3 scalable Django REST APIs handling 10M+ requests/month, reducing response latency by 40% via PostgreSQL query optimization; containerized with Docker and deployed via Kubernetes for 99.9% uptime"
6_6,Data Scientist,Analyzed customer data,"Python, SQL, Machine Learning, TensorFlow, BigQuery, Tableau","Engineered ML pipeline processing 500M+ customer records via BigQuery/TensorFlow; built 12 predictive models with 92% accuracy, deployed to production serving 500K daily predictions; visualized insights via Tableau for C-suite"
6_6,Product Manager,Led product launches,"Agile, Roadmap, Stakeholder Management, Analytics, A/B Testing",Directed 5 product launches reaching $2M ARR; managed cross-functional teams of 15+; defined roadmap via OKRs; drove 40% revenue growth through data-driven A/B testing and stakeholder alignment
6_6,DevOps Engineer,Managed infrastructure,"AWS, Terraform, CI/CD, Jenkins, Kubernetes, Monitoring",Architected AWS multi-region infrastructure via Terraform; automated CI/CD pipelines reducing deployment time 80% via Jenkins/GitHub Actions; managed 100-node Kubernetes cluster with 99.95% uptime SLA
6_6,Frontend Engineer,Built UI components,"React, TypeScript, Redux, CSS-in-JS, Performance, Accessibility",Engineered 50+ React components in TypeScript reducing bundle size 35% via code-splitting; optimized performance (Core Web Vitals: 95/100); implemented WCAG 2.1 AA accessibility standards
6_6,Finance Analyst,Created reports,"Excel, SQL, Financial Modeling, FP&A, Forecasting",Built 20+ financial models in Excel/SQL forecasting quarterly revenue with 98% accuracy; automated monthly reporting reducing analyst time 60%; identified $5M+ cost optimization opportunities
6_6,Marketing Manager,Ran campaigns,"Campaign Management, Email, SEO, Analytics, Growth",Executed 50+ integrated marketing campaigns generating $10M revenue; grew email list 5M subscribers with 35% open rate; drove organic traffic 200% via SEO optimization (5 keywords ranking #1)
6_6,Sales Engineer,Managed accounts,"B2B Sales, Technical Demos, Sales Engineering, CRM",Closed $8M in enterprise deals (avg $500K ARR) via technical demos and architecture consulting; maintained 95% customer renewal rate; trained 10-person sales team on technical value props
6_6,UX Designer,Designed interfaces,"Figma, User Research, Prototyping, Usability Testing, Design Systems",Designed complete design system in Figma serving 50+ product teams; conducted 200+ user research sessions reducing churn 25%; prototyped 15 features achieving 90% task completion in usability tests
6_6,QA Engineer,Tested software,"Automation, Selenium, QA, Bug Tracking, Performance Testing",Automated 80% of test suite via Selenium/Python reducing QA time 70%; executed performance testing identifying bottlenecks reducing response time 50%; maintained 0.2% production defect rate
7_7,Software Engineer,Worked on backend systems,"Python, Django, RestAPI, PostgreSQL, Docker, Kubernetes","Built 3 scalable Django REST APIs handling 10M+ requests/month, reducing response latency by 40% via PostgreSQL query optimization; containerized with Docker and deployed via Kubernetes for 99.9% uptime"
7_7,Data Scientist,Analyzed customer data,"Python, SQL, Machine Learning, TensorFlow, BigQuery, Tableau","Engineered ML pipeline processing 500M+ customer records via BigQuery/TensorFlow; built 12 predictive models with 92% accuracy, deployed to production serving 500K daily predictions; visualized insights via Tableau for C-suite"
7_7,Product Manager,Led product launches,"Agile, Roadmap, Stakeholder Management, Analytics, A/B Testing",Directed 5 product launches reaching $2M ARR; managed cross-functional teams of 15+; defined roadmap via OKRs; drove 40% revenue growth through data-driven A/B testing and stakeholder alignment
7_7,DevOps Engineer,Managed infrastructure,"AWS, Terraform, CI/CD, Jenkins, Kubernetes, Monitoring",Architected AWS multi-region infrastructure via Terraform; automated CI/CD pipelines reducing deployment time 80% via Jenkins/GitHub Actions; managed 100-node Kubernetes cluster with 99.95% uptime SLA
7_7,Frontend Engineer,Built UI components,"React, TypeScript, Redux, CSS-in-JS, Performance, Accessibility",Engineered 50+ React components in TypeScript reducing bundle size 35% via code-splitting; optimized performance (Core Web Vitals: 95/100); implemented WCAG 2.1 AA accessibility standards
7_7,Finance Analyst,Created reports,"Excel, SQL, Financial Modeling, FP&A, Forecasting",Built 20+ financial models in Excel/SQL forecasting quarterly revenue with 98% accuracy; automated monthly reporting reducing analyst time 60%; identified $5M+ cost optimization opportunities
7_7,Marketing Manager,Ran campaigns,"Campaign Management, Email, SEO, Analytics, Growth",Executed 50+ integrated marketing campaigns generating $10M revenue; grew email list 5M subscribers with 35% open rate; drove organic traffic 200% via SEO optimization (5 keywords ranking #1)
7_7,Sales Engineer,Managed accounts,"B2B Sales, Technical Demos, Sales Engineering, CRM",Closed $8M in enterprise deals (avg $500K ARR) via technical demos and architecture consulting; maintained 95% customer renewal rate; trained 10-person sales team on technical value props
7_7,UX Designer,Designed interfaces,"Figma, User Research, Prototyping, Usability Testing, Design Systems",Designed complete design system in Figma serving 50+ product teams; conducted 200+ user research sessions reducing churn 25%; prototyped 15 features achieving 90% task completion in usability tests
7_7,QA Engineer,Tested software,"Automation, Selenium, QA, Bug Tracking, Performance Testing",Automated 80% of test suite via Selenium/Python reducing QA time 70%; executed performance testing identifying bottlenecks reducing response time 50%; maintained 0.2% production defect rate
8_8,Software Engineer,Worked on backend systems,"Python, Django, RestAPI, PostgreSQL, Docker, Kubernetes","Built 3 scalable Django REST APIs handling 10M+ requests/month, reducing response latency by 40% via PostgreSQL query optimization; containerized with Docker and deployed via Kubernetes for 99.9% uptime"
8_8,Data Scientist,Analyzed customer data,"Python, SQL, Machine Learning, TensorFlow, BigQuery, Tableau","Engineered ML pipeline processing 500M+ customer records via BigQuery/TensorFlow; built 12 predictive models with 92% accuracy, deployed to production serving 500K daily predictions; visualized insights via Tableau for C-suite"
8_8,Product Manager,Led product launches,"Agile, Roadmap, Stakeholder Management, Analytics, A/B Testing",Directed 5 product launches reaching $2M ARR; managed cross-functional teams of 15+; defined roadmap via OKRs; drove 40% revenue growth through data-driven A/B testing and stakeholder alignment
8_8,DevOps Engineer,Managed infrastructure,"AWS, Terraform, CI/CD, Jenkins, Kubernetes, Monitoring",Architected AWS multi-region infrastructure via Terraform; automated CI/CD pipelines reducing deployment time 80% via Jenkins/GitHub Actions; managed 100-node Kubernetes cluster with 99.95% uptime SLA
8_8,Frontend Engineer,Built UI components,"React, TypeScript, Redux, CSS-in-JS, Performance, Accessibility",Engineered 50+ React components in TypeScript reducing bundle size 35% via code-splitting; optimized performance (Core Web Vitals: 95/100); implemented WCAG 2.1 AA accessibility standards
8_8,Finance Analyst,Created reports,"Excel, SQL, Financial Modeling, FP&A, Forecasting",Built 20+ financial models in Excel/SQL forecasting quarterly revenue with 98% accuracy; automated monthly reporting reducing analyst time 60%; identified $5M+ cost optimization opportunities
8_8,Marketing Manager,Ran campaigns,"Campaign Management, Email, SEO, Analytics, Growth",Executed 50+ integrated marketing campaigns generating $10M revenue; grew email list 5M subscribers with 35% open rate; drove organic traffic 200% via SEO optimization (5 keywords ranking #1)
8_8,Sales Engineer,Managed accounts,"B2B Sales, Technical Demos, Sales Engineering, CRM",Closed $8M in enterprise deals (avg $500K ARR) via technical demos and architecture consulting; maintained 95% customer renewal rate; trained 10-person sales team on technical value props
8_8,UX Designer,Designed interfaces,"Figma, User Research, Prototyping, Usability Testing, Design Systems",Designed complete design system in Figma serving 50+ product teams; conducted 200+ user research sessions reducing churn 25%; prototyped 15 features achieving 90% task completion in usability tests
8_8,QA Engineer,Tested software,"Automation, Selenium, QA, Bug Tracking, Performance Testing",Automated 80% of test suite via Selenium/Python reducing QA time 70%; executed performance testing identifying bottlenecks reducing response time 50%; maintained 0.2% production defect rate
9_9,Software Engineer,Worked on backend systems,"Python, Django, RestAPI, PostgreSQL, Docker, Kubernetes","Built 3 scalable Django REST APIs handling 10M+ requests/month, reducing response latency by 40% via PostgreSQL query optimization; containerized with Docker and deployed via Kubernetes for 99.9% uptime"
9_9,Data Scientist,Analyzed customer data,"Python, SQL, Machine Learning, TensorFlow, BigQuery, Tableau","Engineered ML pipeline processing 500M+ customer records via BigQuery/TensorFlow; built 12 predictive models with 92% accuracy, deployed to production serving 500K daily predictions; visualized insights via Tableau for C-suite"
9_9,Product Manager,Led product launches,"Agile, Roadmap, Stakeholder Management, Analytics, A/B Testing",Directed 5 product launches reaching $2M ARR; managed cross-functional teams of 15+; defined roadmap via OKRs; drove 40% revenue growth through data-driven A/B testing and stakeholder alignment
9_9,DevOps Engineer,Managed infrastructure,"AWS, Terraform, CI/CD, Jenkins, Kubernetes, Monitoring",Architected AWS multi-region infrastructure via Terraform; automated CI/CD pipelines reducing deployment time 80% via Jenkins/GitHub Actions; managed 100-node Kubernetes cluster with 99.95% uptime SLA
9_9,Frontend Engineer,Built UI components,"React, TypeScript, Redux, CSS-in-JS, Performance, Accessibility",Engineered 50+ React components in TypeScript reducing bundle size 35% via code-splitting; optimized performance (Core Web Vitals: 95/100); implemented WCAG 2.1 AA accessibility standards
9_9,Finance Analyst,Created reports,"Excel, SQL, Financial Modeling, FP&A, Forecasting",Built 20+ financial models in Excel/SQL forecasting quarterly revenue with 98% accuracy; automated monthly reporting reducing analyst time 60%; identified $5M+ cost optimization opportunities
9_9,Marketing Manager,Ran campaigns,"Campaign Management, Email, SEO, Analytics, Growth",Executed 50+ integrated marketing campaigns generating $10M revenue; grew email list 5M subscribers with 35% open rate; drove organic traffic 200% via SEO optimization (5 keywords ranking #1)
9_9,Sales Engineer,Managed accounts,"B2B Sales, Technical Demos, Sales Engineering, CRM",Closed $8M in enterprise deals (avg $500K ARR) via technical demos and architecture consulting; maintained 95% customer renewal rate; trained 10-person sales team on technical value props
9_9,UX Designer,Designed interfaces,"Figma, User Research, Prototyping, Usability Testing, Design Systems",Designed complete design system in Figma serving 50+ product teams; conducted 200+ user research sessions reducing churn 25%; prototyped 15 features achieving 90% task completion in usability tests
9_9,QA Engineer,Tested software,"Automation, Selenium, QA, Bug Tracking, Performance Testing",Automated 80% of test suite via Selenium/Python reducing QA time 70%; executed performance testing identifying bottlenecks reducing response time 50%; maintained 0.2% production defect rate
0_10,Software Engineer,Worked on backend systems,"Python, Django, RestAPI, PostgreSQL, Docker, Kubernetes","Built 3 scalable Django REST APIs handling 10M+ requests/month, reducing response latency by 40% via PostgreSQL query optimization; containerized with Docker and deployed via Kubernetes for 99.9% uptime"
0_10,Data Scientist,Analyzed customer data,"Python, SQL, Machine Learning, TensorFlow, BigQuery, Tableau","Engineered ML pipeline processing 500M+ customer records via BigQuery/TensorFlow; built 12 predictive models with 92% accuracy, deployed to production serving 500K daily predictions; visualized insights via Tableau for C-suite"
0_10,Product Manager,Led product launches,"Agile, Roadmap, Stakeholder Management, Analytics, A/B Testing",Directed 5 product launches reaching $2M ARR; managed cross-functional teams of 15+; defined roadmap via OKRs; drove 40% revenue growth through data-driven A/B testing and stakeholder alignment
0_10,DevOps Engineer,Managed infrastructure,"AWS, Terraform, CI/CD, Jenkins, Kubernetes, Monitoring",Architected AWS multi-region infrastructure via Terraform; automated CI/CD pipelines reducing deployment time 80% via Jenkins/GitHub Actions; managed 100-node Kubernetes cluster with 99.95% uptime SLA
0_10,Frontend Engineer,Built UI components,"React, TypeScript, Redux, CSS-in-JS, Performance, Accessibility",Engineered 50+ React components in TypeScript reducing bundle size 35% via code-splitting; optimized performance (Core Web Vitals: 95/100); implemented WCAG 2.1 AA accessibility standards
0_10,Finance Analyst,Created reports,"Excel, SQL, Financial Modeling, FP&A, Forecasting",Built 20+ financial models in Excel/SQL forecasting quarterly revenue with 98% accuracy; automated monthly reporting reducing analyst time 60%; identified $5M+ cost optimization opportunities
0_10,Marketing Manager,Ran campaigns,"Campaign Management, Email, SEO, Analytics, Growth",Executed 50+ integrated marketing campaigns generating $10M revenue; grew email list 5M subscribers with 35% open rate; drove organic traffic 200% via SEO optimization (5 keywords ranking #1)
0_10,Sales Engineer,Managed accounts,"B2B Sales, Technical Demos, Sales Engineering, CRM",Closed $8M in enterprise deals (avg $500K ARR) via technical demos and architecture consulting; maintained 95% customer renewal rate; trained 10-person sales team on technical value props
0_10,UX Designer,Designed interfaces,"Figma, User Research, Prototyping, Usability Testing, Design Systems",Designed complete design system in Figma serving 50+ product teams; conducted 200+ user research sessions reducing churn 25%; prototyped 15 features achieving 90% task completion in usability tests
0_10,QA Engineer,Tested software,"Automation, Selenium, QA, Bug Tracking, Performance Testing",Automated 80% of test suite via Selenium/Python reducing QA time 70%; executed performance testing identifying bottlenecks reducing response time 50%; maintained 0.2% production defect rate
1_11,Software Engineer,Worked on backend systems,"Python, Django, RestAPI, PostgreSQL, Docker, Kubernetes","Built 3 scalable Django REST APIs handling 10M+ requests/month, reducing response latency by 40% via PostgreSQL query optimization; containerized with Docker and deployed via Kubernetes for 99.9% uptime"
1_11,Data Scientist,Analyzed customer data,"Python, SQL, Machine Learning, TensorFlow, BigQuery, Tableau","Engineered ML pipeline processing 500M+ customer records via BigQuery/TensorFlow; built 12 predictive models with 92% accuracy, deployed to production serving 500K daily predictions; visualized insights via Tableau for C-suite"
1_11,Product Manager,Led product launches,"Agile, Roadmap, Stakeholder Management, Analytics, A/B Testing",Directed 5 product launches reaching $2M ARR; managed cross-functional teams of 15+; defined roadmap via OKRs; drove 40% revenue growth through data-driven A/B testing and stakeholder alignment
1_11,DevOps Engineer,Managed infrastructure,"AWS, Terraform, CI/CD, Jenkins, Kubernetes, Monitoring",Architected AWS multi-region infrastructure via Terraform; automated CI/CD pipelines reducing deployment time 80% via Jenkins/GitHub Actions; managed 100-node Kubernetes cluster with 99.95% uptime SLA
1_11,Frontend Engineer,Built UI components,"React, TypeScript, Redux, CSS-in-JS, Performance, Accessibility",Engineered 50+ React components in TypeScript reducing bundle size 35% via code-splitting; optimized performance (Core Web Vitals: 95/100); implemented WCAG 2.1 AA accessibility standards
1_11,Finance Analyst,Created reports,"Excel, SQL, Financial Modeling, FP&A, Forecasting",Built 20+ financial models in Excel/SQL forecasting quarterly revenue with 98% accuracy; automated monthly reporting reducing analyst time 60%; identified $5M+ cost optimization opportunities
1_11,Marketing Manager,Ran campaigns,"Campaign Management, Email, SEO, Analytics, Growth",Executed 50+ integrated marketing campaigns generating $10M revenue; grew email list 5M subscribers with 35% open rate; drove organic traffic 200% via SEO optimization (5 keywords ranking #1)
1_11,Sales Engineer,Managed accounts,"B2B Sales, Technical Demos, Sales Engineering, CRM",Closed $8M in enterprise deals (avg $500K ARR) via technical demos and architecture consulting; maintained 95% customer renewal rate; trained 10-person sales team on technical value props
1_11,UX Designer,Designed interfaces,"Figma, User Research, Prototyping, Usability Testing, Design Systems",Designed complete design system in Figma serving 50+ product teams; conducted 200+ user research sessions reducing churn 25%; prototyped 15 features achieving 90% task completion in usability tests
1_11,QA Engineer,Tested software,"Automation, Selenium, QA, Bug Tracking, Performance Testing",Automated 80% of test suite via Selenium/Python reducing QA time 70%; executed performance testing identifying bottlenecks reducing response time 50%; maintained 0.2% production defect rate
2_12,Software Engineer,Worked on backend systems,"Python, Django, RestAPI, PostgreSQL, Docker, Kubernetes","Built 3 scalable Django REST APIs handling 10M+ requests/month, reducing response latency by 40% via PostgreSQL query optimization; containerized with Docker and deployed via Kubernetes for 99.9% uptime"
2_12,Data Scientist,Analyzed customer data,"Python, SQL, Machine Learning, TensorFlow, BigQuery, Tableau","Engineered ML pipeline processing 500M+ customer records via BigQuery/TensorFlow; built 12 predictive models with 92% accuracy, deployed to production serving 500K daily predictions; visualized insights via Tableau for C-suite"
2_12,Product Manager,Led product launches,"Agile, Roadmap, Stakeholder Management, Analytics, A/B Testing",Directed 5 product launches reaching $2M ARR; managed cross-functional teams of 15+; defined roadmap via OKRs; drove 40% revenue growth through data-driven A/B testing and stakeholder alignment
2_12,DevOps Engineer,Managed infrastructure,"AWS, Terraform, CI/CD, Jenkins, Kubernetes, Monitoring",Architected AWS multi-region infrastructure via Terraform; automated CI/CD pipelines reducing deployment time 80% via Jenkins/GitHub Actions; managed 100-node Kubernetes cluster with 99.95% uptime SLA
2_12,Frontend Engineer,Built UI components,"React, TypeScript, Redux, CSS-in-JS, Performance, Accessibility",Engineered 50+ React components in TypeScript reducing bundle size 35% via code-splitting; optimized performance (Core Web Vitals: 95/100); implemented WCAG 2.1 AA accessibility standards
2_12,Finance Analyst,Created reports,"Excel, SQL, Financial Modeling, FP&A, Forecasting",Built 20+ financial models in Excel/SQL forecasting quarterly revenue with 98% accuracy; automated monthly reporting reducing analyst time 60%; identified $5M+ cost optimization opportunities
2_12,Marketing Manager,Ran campaigns,"Campaign Management, Email, SEO, Analytics, Growth",Executed 50+ integrated marketing campaigns generating $10M revenue; grew email list 5M subscribers with 35% open rate; drove organic traffic 200% via SEO optimization (5 keywords ranking #1)
2_12,Sales Engineer,Managed accounts,"B2B Sales, Technical Demos, Sales Engineering, CRM",Closed $8M in enterprise deals (avg $500K ARR) via technical demos and architecture consulting; maintained 95% customer renewal rate; trained 10-person sales team on technical value props
2_12,UX Designer,Designed interfaces,"Figma, User Research, Prototyping, Usability Testing, Design Systems",Designed complete design system in Figma serving 50+ product teams; conducted 200+ user research sessions reducing churn 25%; prototyped 15 features achieving 90% task completion in usability tests
2_12,QA Engineer,Tested software,"Automation, Selenium, QA, Bug Tracking, Performance Testing",Automated 80% of test suite via Selenium/Python reducing QA time 70%; executed performance testing identifying bottlenecks reducing response time 50%; maintained 0.2% production defect rate
3_13,Software Engineer,Worked on backend systems,"Python, Django, RestAPI, PostgreSQL, Docker, Kubernetes","Built 3 scalable Django REST APIs handling 10M+ requests/month, reducing response latency by 40% via PostgreSQL query optimization; containerized with Docker and deployed via Kubernetes for 99.9% uptime"
3_13,Data Scientist,Analyzed customer data,"Python, SQL, Machine Learning, TensorFlow, BigQuery, Tableau","Engineered ML pipeline processing 500M+ customer records via BigQuery/TensorFlow; built 12 predictive models with 92% accuracy, deployed to production serving 500K daily predictions; visualized insights via Tableau for C-suite"
3_13,Product Manager,Led product launches,"Agile, Roadmap, Stakeholder Management, Analytics, A/B Testing",Directed 5 product launches reaching $2M ARR; managed cross-functional teams of 15+; defined roadmap via OKRs; drove 40% revenue growth through data-driven A/B testing and stakeholder alignment
3_13,DevOps Engineer,Managed infrastructure,"AWS, Terraform, CI/CD, Jenkins, Kubernetes, Monitoring",Architected AWS multi-region infrastructure via Terraform; automated CI/CD pipelines reducing deployment time 80% via Jenkins/GitHub Actions; managed 100-node Kubernetes cluster with 99.95% uptime SLA
3_13,Frontend Engineer,Built UI components,"React, TypeScript, Redux, CSS-in-JS, Performance, Accessibility",Engineered 50+ React components in TypeScript reducing bundle size 35% via code-splitting; optimized performance (Core Web Vitals: 95/100); implemented WCAG 2.1 AA accessibility standards
3_13,Finance Analyst,Created reports,"Excel, SQL, Financial Modeling, FP&A, Forecasting",Built 20+ financial models in Excel/SQL forecasting quarterly revenue with 98% accuracy; automated monthly reporting reducing analyst time 60%; identified $5M+ cost optimization opportunities
3_13,Marketing Manager,Ran campaigns,"Campaign Management, Email, SEO, Analytics, Growth",Executed 50+ integrated marketing campaigns generating $10M revenue; grew email list 5M subscribers with 35% open rate; drove organic traffic 200% via SEO optimization (5 keywords ranking #1)
3_13,Sales Engineer,Managed accounts,"B2B Sales, Technical Demos, Sales Engineering, CRM",Closed $8M in enterprise deals (avg $500K ARR) via technical demos and architecture consulting; maintained 95% customer renewal rate; trained 10-person sales team on technical value props
3_13,UX Designer,Designed interfaces,"Figma, User Research, Prototyping, Usability Testing, Design Systems",Designed complete design system in Figma serving 50+ product teams; conducted 200+ user research sessions reducing churn 25%; prototyped 15 features achieving 90% task completion in usability tests
3_13,QA Engineer,Tested software,"Automation, Selenium, QA, Bug Tracking, Performance Testing",Automated 80% of test suite via Selenium/Python reducing QA time 70%; executed performance testing identifying bottlenecks reducing response time 50%; maintained 0.2% production defect rate
4_14,Software Engineer,Worked on backend systems,"Python, Django, RestAPI, PostgreSQL, Docker, Kubernetes","Built 3 scalable Django REST APIs handling 10M+ requests/month, reducing response latency by 40% via PostgreSQL query optimization; containerized with Docker and deployed via Kubernetes for 99.9% uptime"
4_14,Data Scientist,Analyzed customer data,"Python, SQL, Machine Learning, TensorFlow, BigQuery, Tableau","Engineered ML pipeline processing 500M+ customer records via BigQuery/TensorFlow; built 12 predictive models with 92% accuracy, deployed to production serving 500K daily predictions; visualized insights via Tableau for C-suite"
4_14,Product Manager,Led product launches,"Agile, Roadmap, Stakeholder Management, Analytics, A/B Testing",Directed 5 product launches reaching $2M ARR; managed cross-functional teams of 15+; defined roadmap via OKRs; drove 40% revenue growth through data-driven A/B testing and stakeholder alignment
4_14,DevOps Engineer,Managed infrastructure,"AWS, Terraform, CI/CD, Jenkins, Kubernetes, Monitoring",Architected AWS multi-region infrastructure via Terraform; automated CI/CD pipelines reducing deployment time 80% via Jenkins/GitHub Actions; managed 100-node Kubernetes cluster with 99.95% uptime SLA
4_14,Frontend Engineer,Built UI components,"React, TypeScript, Redux, CSS-in-JS, Performance, Accessibility",Engineered 50+ React components in TypeScript reducing bundle size 35% via code-splitting; optimized performance (Core Web Vitals: 95/100); implemented WCAG 2.1 AA accessibility standards
4_14,Finance Analyst,Created reports,"Excel, SQL, Financial Modeling, FP&A, Forecasting",Built 20+ financial models in Excel/SQL forecasting quarterly revenue with 98% accuracy; automated monthly reporting reducing analyst time 60%; identified $5M+ cost optimization opportunities
4_14,Marketing Manager,Ran campaigns,"Campaign Management, Email, SEO, Analytics, Growth",Executed 50+ integrated marketing campaigns generating $10M revenue; grew email list 5M subscribers with 35% open rate; drove organic traffic 200% via SEO optimization (5 keywords ranking #1)
4_14,Sales Engineer,Managed accounts,"B2B Sales, Technical Demos, Sales Engineering, CRM",Closed $8M in enterprise deals (avg $500K ARR) via technical demos and architecture consulting; maintained 95% customer renewal rate; trained 10-person sales team on technical value props
4_14,UX Designer,Designed interfaces,"Figma, User Research, Prototyping, Usability Testing, Design Systems",Designed complete design system in Figma serving 50+ product teams; conducted 200+ user research sessions reducing churn 25%; prototyped 15 features achieving 90% task completion in usability tests
4_14,QA Engineer,Tested software,"Automation, Selenium, QA, Bug Tracking, Performance Testing",Automated 80% of test suite via Selenium/Python reducing QA time 70%; executed performance testing identifying bottlenecks reducing response time 50%; maintained 0.2% production defect rate
5_15,Software Engineer,Worked on backend systems,"Python, Django, RestAPI, PostgreSQL, Docker, Kubernetes","Built 3 scalable Django REST APIs handling 10M+ requests/month, reducing response latency by 40% via PostgreSQL query optimization; containerized with Docker and deployed via Kubernetes for 99.9% uptime"
5_15,Data Scientist,Analyzed customer data,"Python, SQL, Machine Learning, TensorFlow, BigQuery, Tableau","Engineered ML pipeline processing 500M+ customer records via BigQuery/TensorFlow; built 12 predictive models with 92% accuracy, deployed to production serving 500K daily predictions; visualized insights via Tableau for C-suite"
5_15,Product Manager,Led product launches,"Agile, Roadmap, Stakeholder Management, Analytics, A/B Testing",Directed 5 product launches reaching $2M ARR; managed cross-functional teams of 15+; defined roadmap via OKRs; drove 40% revenue growth through data-driven A/B testing and stakeholder alignment
5_15,DevOps Engineer,Managed infrastructure,"AWS, Terraform, CI/CD, Jenkins, Kubernetes, Monitoring",Architected AWS multi-region infrastructure via Terraform; automated CI/CD pipelines reducing deployment time 80% via Jenkins/GitHub Actions; managed 100-node Kubernetes cluster with 99.95% uptime SLA
5_15,Frontend Engineer,Built UI components,"React, TypeScript, Redux, CSS-in-JS, Performance, Accessibility",Engineered 50+ React components in TypeScript reducing bundle size 35% via code-splitting; optimized performance (Core Web Vitals: 95/100); implemented WCAG 2.1 AA accessibility standards
5_15,Finance Analyst,Created reports,"Excel, SQL, Financial Modeling, FP&A, Forecasting",Built 20+ financial models in Excel/SQL forecasting quarterly revenue with 98% accuracy; automated monthly reporting reducing analyst time 60%; identified $5M+ cost optimization opportunities
5_15,Marketing Manager,Ran campaigns,"Campaign Management, Email, SEO, Analytics, Growth",Executed 50+ integrated marketing campaigns generating $10M revenue; grew email list 5M subscribers with 35% open rate; drove organic traffic 200% via SEO optimization (5 keywords ranking #1)
5_15,Sales Engineer,Managed accounts,"B2B Sales, Technical Demos, Sales Engineering, CRM",Closed $8M in enterprise deals (avg $500K ARR) via technical demos and architecture consulting; maintained 95% customer renewal rate; trained 10-person sales team on technical value props
5_15,UX Designer,Designed interfaces,"Figma, User Research, Prototyping, Usability Testing, Design Systems",Designed complete design system in Figma serving 50+ product teams; conducted 200+ user research sessions reducing churn 25%; prototyped 15 features achieving 90% task completion in usability tests
5_15,QA Engineer,Tested software,"Automation, Selenium, QA, Bug Tracking, Performance Testing",Automated 80% of test suite via Selenium/Python reducing QA time 70%; executed performance testing identifying bottlenecks reducing response time 50%; maintained 0.2% production defect rate
6_16,Software Engineer,Worked on backend systems,"Python, Django, RestAPI, PostgreSQL, Docker, Kubernetes","Built 3 scalable Django REST APIs handling 10M+ requests/month, reducing response latency by 40% via PostgreSQL query optimization; containerized with Docker and deployed via Kubernetes for 99.9% uptime"
6_16,Data Scientist,Analyzed customer data,"Python, SQL, Machine Learning, TensorFlow, BigQuery, Tableau","Engineered ML pipeline processing 500M+ customer records via BigQuery/TensorFlow; built 12 predictive models with 92% accuracy, deployed to production serving 500K daily predictions; visualized insights via Tableau for C-suite"
6_16,Product Manager,Led product launches,"Agile, Roadmap, Stakeholder Management, Analytics, A/B Testing",Directed 5 product launches reaching $2M ARR; managed cross-functional teams of 15+; defined roadmap via OKRs; drove 40% revenue growth through data-driven A/B testing and stakeholder alignment
6_16,DevOps Engineer,Managed infrastructure,"AWS, Terraform, CI/CD, Jenkins, Kubernetes, Monitoring",Architected AWS multi-region infrastructure via Terraform; automated CI/CD pipelines reducing deployment time 80% via Jenkins/GitHub Actions; managed 100-node Kubernetes cluster with 99.95% uptime SLA
6_16,Frontend Engineer,Built UI components,"React, TypeScript, Redux, CSS-in-JS, Performance, Accessibility",Engineered 50+ React components in TypeScript reducing bundle size 35% via code-splitting; optimized performance (Core Web Vitals: 95/100); implemented WCAG 2.1 AA accessibility standards
6_16,Finance Analyst,Created reports,"Excel, SQL, Financial Modeling, FP&A, Forecasting",Built 20+ financial models in Excel/SQL forecasting quarterly revenue with 98% accuracy; automated monthly reporting reducing analyst time 60%; identified $5M+ cost optimization opportunities
6_16,Marketing Manager,Ran campaigns,"Campaign Management, Email, SEO, Analytics, Growth",Executed 50+ integrated marketing campaigns generating $10M revenue; grew email list 5M subscribers with 35% open rate; drove organic traffic 200% via SEO optimization (5 keywords ranking #1)
6_16,Sales Engineer,Managed accounts,"B2B Sales, Technical Demos, Sales Engineering, CRM",Closed $8M in enterprise deals (avg $500K ARR) via technical demos and architecture consulting; maintained 95% customer renewal rate; trained 10-person sales team on technical value props
6_16,UX Designer,Designed interfaces,"Figma, User Research, Prototyping, Usability Testing, Design Systems",Designed complete design system in Figma serving 50+ product teams; conducted 200+ user research sessions reducing churn 25%; prototyped 15 features achieving 90% task completion in usability tests
6_16,QA Engineer,Tested software,"Automation, Selenium, QA, Bug Tracking, Performance Testing",Automated 80% of test suite via Selenium/Python reducing QA time 70%; executed performance testing identifying bottlenecks reducing response time 50%; maintained 0.2% production defect rate
7_17,Software Engineer,Worked on backend systems,"Python, Django, RestAPI, PostgreSQL, Docker, Kubernetes","Built 3 scalable Django REST APIs handling 10M+ requests/month, reducing response latency by 40% via PostgreSQL query optimization; containerized with Docker and deployed via Kubernetes for 99.9% uptime"
7_17,Data Scientist,Analyzed customer data,"Python, SQL, Machine Learning, TensorFlow, BigQuery, Tableau","Engineered ML pipeline processing 500M+ customer records via BigQuery/TensorFlow; built 12 predictive models with 92% accuracy, deployed to production serving 500K daily predictions; visualized insights via Tableau for C-suite"
7_17,Product Manager,Led product launches,"Agile, Roadmap, Stakeholder Management, Analytics, A/B Testing",Directed 5 product launches reaching $2M ARR; managed cross-functional teams of 15+; defined roadmap via OKRs; drove 40% revenue growth through data-driven A/B testing and stakeholder alignment
7_17,DevOps Engineer,Managed infrastructure,"AWS, Terraform, CI/CD, Jenkins, Kubernetes, Monitoring",Architected AWS multi-region infrastructure via Terraform; automated CI/CD pipelines reducing deployment time 80% via Jenkins/GitHub Actions; managed 100-node Kubernetes cluster with 99.95% uptime SLA
7_17,Frontend Engineer,Built UI components,"React, TypeScript, Redux, CSS-in-JS, Performance, Accessibility",Engineered 50+ React components in TypeScript reducing bundle size 35% via code-splitting; optimized performance (Core Web Vitals: 95/100); implemented WCAG 2.1 AA accessibility standards
7_17,Finance Analyst,Created reports,"Excel, SQL, Financial Modeling, FP&A, Forecasting",Built 20+ financial models in Excel/SQL forecasting quarterly revenue with 98% accuracy; automated monthly reporting reducing analyst time 60%; identified $5M+ cost optimization opportunities
7_17,Marketing Manager,Ran campaigns,"Campaign Management, Email, SEO, Analytics, Growth",Executed 50+ integrated marketing campaigns generating $10M revenue; grew email list 5M subscribers with 35% open rate; drove organic traffic 200% via SEO optimization (5 keywords ranking #1)
7_17,Sales Engineer,Managed accounts,"B2B Sales, Technical Demos, Sales Engineering, CRM",Closed $8M in enterprise deals (avg $500K ARR) via technical demos and architecture consulting; maintained 95% customer renewal rate; trained 10-person sales team on technical value props
7_17,UX Designer,Designed interfaces,"Figma, User Research, Prototyping, Usability Testing, Design Systems",Designed complete design system in Figma serving 50+ product teams; conducted 200+ user research sessions reducing churn 25%; prototyped 15 features achieving 90% task completion in usability tests
7_17,QA Engineer,Tested software,"Automation, Selenium, QA, Bug Tracking, Performance Testing",Automated 80% of test suite via Selenium/Python reducing QA time 70%; executed performance testing identifying bottlenecks reducing response time 50%; maintained 0.2% production defect rate
8_18,Software Engineer,Worked on backend systems,"Python, Django, RestAPI, PostgreSQL, Docker, Kubernetes","Built 3 scalable Django REST APIs handling 10M+ requests/month, reducing response latency by 40% via PostgreSQL query optimization; containerized with Docker and deployed via Kubernetes for 99.9% uptime"
8_18,Data Scientist,Analyzed customer data,"Python, SQL, Machine Learning, TensorFlow, BigQuery, Tableau","Engineered ML pipeline processing 500M+ customer records via BigQuery/TensorFlow; built 12 predictive models with 92% accuracy, deployed to production serving 500K daily predictions; visualized insights via Tableau for C-suite"
8_18,Product Manager,Led product launches,"Agile, Roadmap, Stakeholder Management, Analytics, A/B Testing",Directed 5 product launches reaching $2M ARR; managed cross-functional teams of 15+; defined roadmap via OKRs; drove 40% revenue growth through data-driven A/B testing and stakeholder alignment
8_18,DevOps Engineer,Managed infrastructure,"AWS, Terraform, CI/CD, Jenkins, Kubernetes, Monitoring",Architected AWS multi-region infrastructure via Terraform; automated CI/CD pipelines reducing deployment time 80% via Jenkins/GitHub Actions; managed 100-node Kubernetes cluster with 99.95% uptime SLA
8_18,Frontend Engineer,Built UI components,"React, TypeScript, Redux, CSS-in-JS, Performance, Accessibility",Engineered 50+ React components in TypeScript reducing bundle size 35% via code-splitting; optimized performance (Core Web Vitals: 95/100); implemented WCAG 2.1 AA accessibility standards
8_18,Finance Analyst,Created reports,"Excel, SQL, Financial Modeling, FP&A, Forecasting",Built 20+ financial models in Excel/SQL forecasting quarterly revenue with 98% accuracy; automated monthly reporting reducing analyst time 60%; identified $5M+ cost optimization opportunities
8_18,Marketing Manager,Ran campaigns,"Campaign Management, Email, SEO, Analytics, Growth",Executed 50+ integrated marketing campaigns generating $10M revenue; grew email list 5M subscribers with 35% open rate; drove organic traffic 200% via SEO optimization (5 keywords ranking #1)
8_18,Sales Engineer,Managed accounts,"B2B Sales, Technical Demos, Sales Engineering, CRM",Closed $8M in enterprise deals (avg $500K ARR) via technical demos and architecture consulting; maintained 95% customer renewal rate; trained 10-person sales team on technical value props
8_18,UX Designer,Designed interfaces,"Figma, User Research, Prototyping, Usability Testing, Design Systems",Designed complete design system in Figma serving 50+ product teams; conducted 200+ user research sessions reducing churn 25%; prototyped 15 features achieving 90% task completion in usability tests
8_18,QA Engineer,Tested software,"Automation, Selenium, QA, Bug Tracking, Performance Testing",Automated 80% of test suite via Selenium/Python reducing QA time 70%; executed performance testing identifying bottlenecks reducing response time 50%; maintained 0.2% production defect rate
9_19,Software Engineer,Worked on backend systems,"Python, Django, RestAPI, PostgreSQL, Docker, Kubernetes","Built 3 scalable Django REST APIs handling 10M+ requests/month, reducing response latency by 40% via PostgreSQL query optimization; containerized with Docker and deployed via Kubernetes for 99.9% uptime"
9_19,Data Scientist,Analyzed customer data,"Python, SQL, Machine Learning, TensorFlow, BigQuery, Tableau","Engineered ML pipeline processing 500M+ customer records via BigQuery/TensorFlow; built 12 predictive models with 92% accuracy, deployed to production serving 500K daily predictions; visualized insights via Tableau for C-suite"
9_19,Product Manager,Led product launches,"Agile, Roadmap, Stakeholder Management, Analytics, A/B Testing",Directed 5 product launches reaching $2M ARR; managed cross-functional teams of 15+; defined roadmap via OKRs; drove 40% revenue growth through data-driven A/B testing and stakeholder alignment
9_19,DevOps Engineer,Managed infrastructure,"AWS, Terraform, CI/CD, Jenkins, Kubernetes, Monitoring",Architected AWS multi-region infrastructure via Terraform; automated CI/CD pipelines reducing deployment time 80% via Jenkins/GitHub Actions; managed 100-node Kubernetes cluster with 99.95% uptime SLA
9_19,Frontend Engineer,Built UI components,"React, TypeScript, Redux, CSS-in-JS, Performance, Accessibility",Engineered 50+ React components in TypeScript reducing bundle size 35% via code-splitting; optimized performance (Core Web Vitals: 95/100); implemented WCAG 2.1 AA accessibility standards
9_19,Finance Analyst,Created reports,"Excel, SQL, Financial Modeling, FP&A, Forecasting",Built 20+ financial models in Excel/SQL forecasting quarterly revenue with 98% accuracy; automated monthly reporting reducing analyst time 60%; identified $5M+ cost optimization opportunities
9_19,Marketing Manager,Ran campaigns,"Campaign Management, Email, SEO, Analytics, Growth",Executed 50+ integrated marketing campaigns generating $10M revenue; grew email list 5M subscribers with 35% open rate; drove organic traffic 200% via SEO optimization (5 keywords ranking #1)
9_19,Sales Engineer,Managed accounts,"B2B Sales, Technical Demos, Sales Engineering, CRM",Closed $8M in enterprise deals (avg $500K ARR) via technical demos and architecture consulting; maintained 95% customer renewal rate; trained 10-person sales team on technical value props
9_19,UX Designer,Designed interfaces,"Figma, User Research, Prototyping, Usability Testing, Design Systems",Designed complete design system in Figma serving 50+ product teams; conducted 200+ user research sessions reducing churn 25%; prototyped 15 features achieving 90% task completion in usability tests
9_19,QA Engineer,Tested software,"Automation, Selenium, QA, Bug Tracking, Performance Testing",Automated 80% of test suite via Selenium/Python reducing QA time 70%; executed performance testing identifying bottlenecks reducing response time 50%; maintained 0.2% production defect rate
0_20,Software Engineer,Worked on backend systems,"Python, Django, RestAPI, PostgreSQL, Docker, Kubernetes","Built 3 scalable Django REST APIs handling 10M+ requests/month, reducing response latency by 40% via PostgreSQL query optimization; containerized with Docker and deployed via Kubernetes for 99.9% uptime"
0_20,Data Scientist,Analyzed customer data,"Python, SQL, Machine Learning, TensorFlow, BigQuery, Tableau","Engineered ML pipeline processing 500M+ customer records via BigQuery/TensorFlow; built 12 predictive models with 92% accuracy, deployed to production serving 500K daily predictions; visualized insights via Tableau for C-suite"
0_20,Product Manager,Led product launches,"Agile, Roadmap, Stakeholder Management, Analytics, A/B Testing",Directed 5 product launches reaching $2M ARR; managed cross-functional teams of 15+; defined roadmap via OKRs; drove 40% revenue growth through data-driven A/B testing and stakeholder alignment
0_20,DevOps Engineer,Managed infrastructure,"AWS, Terraform, CI/CD, Jenkins, Kubernetes, Monitoring",Architected AWS multi-region infrastructure via Terraform; automated CI/CD pipelines reducing deployment time 80% via Jenkins/GitHub Actions; managed 100-node Kubernetes cluster with 99.95% uptime SLA
0_20,Frontend Engineer,Built UI components,"React, TypeScript, Redux, CSS-in-JS, Performance, Accessibility",Engineered 50+ React components in TypeScript reducing bundle size 35% via code-splitting; optimized performance (Core Web Vitals: 95/100); implemented WCAG 2.1 AA accessibility standards
0_20,Finance Analyst,Created reports,"Excel, SQL, Financial Modeling, FP&A, Forecasting",Built 20+ financial models in Excel/SQL forecasting quarterly revenue with 98% accuracy; automated monthly reporting reducing analyst time 60%; identified $5M+ cost optimization opportunities
0_20,Marketing Manager,Ran campaigns,"Campaign Management, Email, SEO, Analytics, Growth",Executed 50+ integrated marketing campaigns generating $10M revenue; grew email list 5M subscribers with 35% open rate; drove organic traffic 200% via SEO optimization (5 keywords ranking #1)
0_20,Sales Engineer,Managed accounts,"B2B Sales, Technical Demos, Sales Engineering, CRM",Closed $8M in enterprise deals (avg $500K ARR) via technical demos and architecture consulting; maintained 95% customer renewal rate; trained 10-person sales team on technical value props
0_20,UX Designer,Designed interfaces,"Figma, User Research, Prototyping, Usability Testing, Design Systems",Designed complete design system in Figma serving 50+ product teams; conducted 200+ user research sessions reducing churn 25%; prototyped 15 features achieving 90% task completion in usability tests
0_20,QA Engineer,Tested software,"Automation, Selenium, QA, Bug Tracking, Performance Testing",Automated 80% of test suite via Selenium/Python reducing QA time 70%; executed performance testing identifying bottlenecks reducing response time 50%; maintained 0.2% production defect rate
1_21,Software Engineer,Worked on backend systems,"Python, Django, RestAPI, PostgreSQL, Docker, Kubernetes","Built 3 scalable Django REST APIs handling 10M+ requests/month, reducing response latency by 40% via PostgreSQL query optimization; containerized with Docker and deployed via Kubernetes for 99.9% uptime"
1_21,Data Scientist,Analyzed customer data,"Python, SQL, Machine Learning, TensorFlow, BigQuery, Tableau","Engineered ML pipeline processing 500M+ customer records via BigQuery/TensorFlow; built 12 predictive models with 92% accuracy, deployed to production serving 500K daily predictions; visualized insights via Tableau for C-suite"
1_21,Product Manager,Led product launches,"Agile, Roadmap, Stakeholder Management, Analytics, A/B Testing",Directed 5 product launches reaching $2M ARR; managed cross-functional teams of 15+; defined roadmap via OKRs; drove 40% revenue growth through data-driven A/B testing and stakeholder alignment
1_21,DevOps Engineer,Managed infrastructure,"AWS, Terraform, CI/CD, Jenkins, Kubernetes, Monitoring",Architected AWS multi-region infrastructure via Terraform; automated CI/CD pipelines reducing deployment time 80% via Jenkins/GitHub Actions; managed 100-node Kubernetes cluster with 99.95% uptime SLA
1_21,Frontend Engineer,Built UI components,"React, TypeScript, Redux, CSS-in-JS, Performance, Accessibility",Engineered 50+ React components in TypeScript reducing bundle size 35% via code-splitting; optimized performance (Core Web Vitals: 95/100); implemented WCAG 2.1 AA accessibility standards
1_21,Finance Analyst,Created reports,"Excel, SQL, Financial Modeling, FP&A, Forecasting",Built 20+ financial models in Excel/SQL forecasting quarterly revenue with 98% accuracy; automated monthly reporting reducing analyst time 60%; identified $5M+ cost optimization opportunities
1_21,Marketing Manager,Ran campaigns,"Campaign Management, Email, SEO, Analytics, Growth",Executed 50+ integrated marketing campaigns generating $10M revenue; grew email list 5M subscribers with 35% open rate; drove organic traffic 200% via SEO optimization (5 keywords ranking #1)
1_21,Sales Engineer,Managed accounts,"B2B Sales, Technical Demos, Sales Engineering, CRM",Closed $8M in enterprise deals (avg $500K ARR) via technical demos and architecture consulting; maintained 95% customer renewal rate; trained 10-person sales team on technical value props
1_21,UX Designer,Designed interfaces,"Figma, User Research, Prototyping, Usability Testing, Design Systems",Designed complete design system in Figma serving 50+ product teams; conducted 200+ user research sessions reducing churn 25%; prototyped 15 features achieving 90% task completion in usability tests
1_21,QA Engineer,Tested software,"Automation, Selenium, QA, Bug Tracking, Performance Testing",Automated 80% of test suite via Selenium/Python reducing QA time 70%; executed performance testing identifying bottlenecks reducing response time 50%; maintained 0.2% production defect rate
2_22,Software Engineer,Worked on backend systems,"Python, Django, RestAPI, PostgreSQL, Docker, Kubernetes","Built 3 scalable Django REST APIs handling 10M+ requests/month, reducing response latency by 40% via PostgreSQL query optimization; containerized with Docker and deployed via Kubernetes for 99.9% uptime"
2_22,Data Scientist,Analyzed customer data,"Python, SQL, Machine Learning, TensorFlow, BigQuery, Tableau","Engineered ML pipeline processing 500M+ customer records via BigQuery/TensorFlow; built 12 predictive models with 92% accuracy, deployed to production serving 500K daily predictions; visualized insights via Tableau for C-suite"
2_22,Product Manager,Led product launches,"Agile, Roadmap, Stakeholder Management, Analytics, A/B Testing",Directed 5 product launches reaching $2M ARR; managed cross-functional teams of 15+; defined roadmap via OKRs; drove 40% revenue growth through data-driven A/B testing and stakeholder alignment
2_22,DevOps Engineer,Managed infrastructure,"AWS, Terraform, CI/CD, Jenkins, Kubernetes, Monitoring",Architected AWS multi-region infrastructure via Terraform; automated CI/CD pipelines reducing deployment time 80% via Jenkins/GitHub Actions; managed 100-node Kubernetes cluster with 99.95% uptime SLA
2_22,Frontend Engineer,Built UI components,"React, TypeScript, Redux, CSS-in-JS, Performance, Accessibility",Engineered 50+ React components in TypeScript reducing bundle size 35% via code-splitting; optimized performance (Core Web Vitals: 95/100); implemented WCAG 2.1 AA accessibility standards
2_22,Finance Analyst,Created reports,"Excel, SQL, Financial Modeling, FP&A, Forecasting",Built 20+ financial models in Excel/SQL forecasting quarterly revenue with 98% accuracy; automated monthly reporting reducing analyst time 60%; identified $5M+ cost optimization opportunities
2_22,Marketing Manager,Ran campaigns,"Campaign Management, Email, SEO, Analytics, Growth",Executed 50+ integrated marketing campaigns generating $10M revenue; grew email list 5M subscribers with 35% open rate; drove organic traffic 200% via SEO optimization (5 keywords ranking #1)
2_22,Sales Engineer,Managed accounts,"B2B Sales, Technical Demos, Sales Engineering, CRM",Closed $8M in enterprise deals (avg $500K ARR) via technical demos and architecture consulting; maintained 95% customer renewal rate; trained 10-person sales team on technical value props
2_22,UX Designer,Designed interfaces,"Figma, User Research, Prototyping, Usability Testing, Design Systems",Designed complete design system in Figma serving 50+ product teams; conducted 200+ user research sessions reducing churn 25%; prototyped 15 features achieving 90% task completion in usability tests
2_22,QA Engineer,Tested software,"Automation, Selenium, QA, Bug Tracking, Performance Testing",Automated 80% of test suite via Selenium/Python reducing QA time 70%; executed performance testing identifying bottlenecks reducing response time 50%; maintained 0.2% production defect rate
3_23,Software Engineer,Worked on backend systems,"Python, Django, RestAPI, PostgreSQL, Docker, Kubernetes","Built 3 scalable Django REST APIs handling 10M+ requests/month, reducing response latency by 40% via PostgreSQL query optimization; containerized with Docker and deployed via Kubernetes for 99.9% uptime"
3_23,Data Scientist,Analyzed customer data,"Python, SQL, Machine Learning, TensorFlow, BigQuery, Tableau","Engineered ML pipeline processing 500M+ customer records via BigQuery/TensorFlow; built 12 predictive models with 92% accuracy, deployed to production serving 500K daily predictions; visualized insights via Tableau for C-suite"
3_23,Product Manager,Led product launches,"Agile, Roadmap, Stakeholder Management, Analytics, A/B Testing",Directed 5 product launches reaching $2M ARR; managed cross-functional teams of 15+; defined roadmap via OKRs; drove 40% revenue growth through data-driven A/B testing and stakeholder alignment
3_23,DevOps Engineer,Managed infrastructure,"AWS, Terraform, CI/CD, Jenkins, Kubernetes, Monitoring",Architected AWS multi-region infrastructure via Terraform; automated CI/CD pipelines reducing deployment time 80% via Jenkins/GitHub Actions; managed 100-node Kubernetes cluster with 99.95% uptime SLA
3_23,Frontend Engineer,Built UI components,"React, TypeScript, Redux, CSS-in-JS, Performance, Accessibility",Engineered 50+ React components in TypeScript reducing bundle size 35% via code-splitting; optimized performance (Core Web Vitals: 95/100); implemented WCAG 2.1 AA accessibility standards
3_23,Finance Analyst,Created reports,"Excel, SQL, Financial Modeling, FP&A, Forecasting",Built 20+ financial models in Excel/SQL forecasting quarterly revenue with 98% accuracy; automated monthly reporting reducing analyst time 60%; identified $5M+ cost optimization opportunities
3_23,Marketing Manager,Ran campaigns,"Campaign Management, Email, SEO, Analytics, Growth",Executed 50+ integrated marketing campaigns generating $10M revenue; grew email list 5M subscribers with 35% open rate; drove organic traffic 200% via SEO optimization (5 keywords ranking #1)
3_23,Sales Engineer,Managed accounts,"B2B Sales, Technical Demos, Sales Engineering, CRM",Closed $8M in enterprise deals (avg $500K ARR) via technical demos and architecture consulting; maintained 95% customer renewal rate; trained 10-person sales team on technical value props
3_23,UX Designer,Designed interfaces,"Figma, User Research, Prototyping, Usability Testing, Design Systems",Designed complete design system in Figma serving 50+ product teams; conducted 200+ user research sessions reducing churn 25%; prototyped 15 features achieving 90% task completion in usability tests
3_23,QA Engineer,Tested software,"Automation, Selenium, QA, Bug Tracking, Performance Testing",Automated 80% of test suite via Selenium/Python reducing QA time 70%; executed performance testing identifying bottlenecks reducing response time 50%; maintained 0.2% production defect rate
4_24,Software Engineer,Worked on backend systems,"Python, Django, RestAPI, PostgreSQL, Docker, Kubernetes","Built 3 scalable Django REST APIs handling 10M+ requests/month, reducing response latency by 40% via PostgreSQL query optimization; containerized with Docker and deployed via Kubernetes for 99.9% uptime"
4_24,Data Scientist,Analyzed customer data,"Python, SQL, Machine Learning, TensorFlow, BigQuery, Tableau","Engineered ML pipeline processing 500M+ customer records via BigQuery/TensorFlow; built 12 predictive models with 92% accuracy, deployed to production serving 500K daily predictions; visualized insights via Tableau for C-suite"
4_24,Product Manager,Led product launches,"Agile, Roadmap, Stakeholder Management, Analytics, A/B Testing",Directed 5 product launches reaching $2M ARR; managed cross-functional teams of 15+; defined roadmap via OKRs; drove 40% revenue growth through data-driven A/B testing and stakeholder alignment
4_24,DevOps Engineer,Managed infrastructure,"AWS, Terraform, CI/CD, Jenkins, Kubernetes, Monitoring",Architected AWS multi-region infrastructure via Terraform; automated CI/CD pipelines reducing deployment time 80% via Jenkins/GitHub Actions; managed 100-node Kubernetes cluster with 99.95% uptime SLA
4_24,Frontend Engineer,Built UI components,"React, TypeScript, Redux, CSS-in-JS, Performance, Accessibility",Engineered 50+ React components in TypeScript reducing bundle size 35% via code-splitting; optimized performance (Core Web Vitals: 95/100); implemented WCAG 2.1 AA accessibility standards
4_24,Finance Analyst,Created reports,"Excel, SQL, Financial Modeling, FP&A, Forecasting",Built 20+ financial models in Excel/SQL forecasting quarterly revenue with 98% accuracy; automated monthly reporting reducing analyst time 60%; identified $5M+ cost optimization opportunities
4_24,Marketing Manager,Ran campaigns,"Campaign Management, Email, SEO, Analytics, Growth",Executed 50+ integrated marketing campaigns generating $10M revenue; grew email list 5M subscribers with 35% open rate; drove organic traffic 200% via SEO optimization (5 keywords ranking #1)
4_24,Sales Engineer,Managed accounts,"B2B Sales, Technical Demos, Sales Engineering, CRM",Closed $8M in enterprise deals (avg $500K ARR) via technical demos and architecture consulting; maintained 95% customer renewal rate; trained 10-person sales team on technical value props
4_24,UX Designer,Designed interfaces,"Figma, User Research, Prototyping, Usability Testing, Design Systems",Designed complete design system in Figma serving 50+ product teams; conducted 200+ user research sessions reducing churn 25%; prototyped 15 features achieving 90% task completion in usability tests
4_24,QA Engineer,Tested software,"Automation, Selenium, QA, Bug Tracking, Performance Testing",Automated 80% of test suite via Selenium/Python reducing QA time 70%; executed performance testing identifying bottlenecks reducing response time 50%; maintained 0.2% production defect rate
5_25,Software Engineer,Worked on backend systems,"Python, Django, RestAPI, PostgreSQL, Docker, Kubernetes","Built 3 scalable Django REST APIs handling 10M+ requests/month, reducing response latency by 40% via PostgreSQL query optimization; containerized with Docker and deployed via Kubernetes for 99.9% uptime"
5_25,Data Scientist,Analyzed customer data,"Python, SQL, Machine Learning, TensorFlow, BigQuery, Tableau","Engineered ML pipeline processing 500M+ customer records via BigQuery/TensorFlow; built 12 predictive models with 92% accuracy, deployed to production serving 500K daily predictions; visualized insights via Tableau for C-suite"
5_25,Product Manager,Led product launches,"Agile, Roadmap, Stakeholder Management, Analytics, A/B Testing",Directed 5 product launches reaching $2M ARR; managed cross-functional teams of 15+; defined roadmap via OKRs; drove 40% revenue growth through data-driven A/B testing and stakeholder alignment
5_25,DevOps Engineer,Managed infrastructure,"AWS, Terraform, CI/CD, Jenkins, Kubernetes, Monitoring",Architected AWS multi-region infrastructure via Terraform; automated CI/CD pipelines reducing deployment time 80% via Jenkins/GitHub Actions; managed 100-node Kubernetes cluster with 99.95% uptime SLA
5_25,Frontend Engineer,Built UI components,"React, TypeScript, Redux, CSS-in-JS, Performance, Accessibility",Engineered 50+ React components in TypeScript reducing bundle size 35% via code-splitting; optimized performance (Core Web Vitals: 95/100); implemented WCAG 2.1 AA accessibility standards
5_25,Finance Analyst,Created reports,"Excel, SQL, Financial Modeling, FP&A, Forecasting",Built 20+ financial models in Excel/SQL forecasting quarterly revenue with 98% accuracy; automated monthly reporting reducing analyst time 60%; identified $5M+ cost optimization opportunities
5_25,Marketing Manager,Ran campaigns,"Campaign Management, Email, SEO, Analytics, Growth",Executed 50+ integrated marketing campaigns generating $10M revenue; grew email list 5M subscribers with 35% open rate; drove organic traffic 200% via SEO optimization (5 keywords ranking #1)
5_25,Sales Engineer,Managed accounts,"B2B Sales, Technical Demos, Sales Engineering, CRM",Closed $8M in enterprise deals (avg $500K ARR) via technical demos and architecture consulting; maintained 95% customer renewal rate; trained 10-person sales team on technical value props
5_25,UX Designer,Designed interfaces,"Figma, User Research, Prototyping, Usability Testing, Design Systems",Designed complete design system in Figma serving 50+ product teams; conducted 200+ user research sessions reducing churn 25%; prototyped 15 features achieving 90% task completion in usability tests
5_25,QA Engineer,Tested software,"Automation, Selenium, QA, Bug Tracking, Performance Testing",Automated 80% of test suite via Selenium/Python reducing QA time 70%; executed performance testing identifying bottlenecks reducing response time 50%; maintained 0.2% production defect rate
6_26,Software Engineer,Worked on backend systems,"Python, Django, RestAPI, PostgreSQL, Docker, Kubernetes","Built 3 scalable Django REST APIs handling 10M+ requests/month, reducing response latency by 40% via PostgreSQL query optimization; containerized with Docker and deployed via Kubernetes for 99.9% uptime"
6_26,Data Scientist,Analyzed customer data,"Python, SQL, Machine Learning, TensorFlow, BigQuery, Tableau","Engineered ML pipeline processing 500M+ customer records via BigQuery/TensorFlow; built 12 predictive models with 92% accuracy, deployed to production serving 500K daily predictions; visualized insights via Tableau for C-suite"
6_26,Product Manager,Led product launches,"Agile, Roadmap, Stakeholder Management, Analytics, A/B Testing",Directed 5 product launches reaching $2M ARR; managed cross-functional teams of 15+; defined roadmap via OKRs; drove 40% revenue growth through data-driven A/B testing and stakeholder alignment
6_26,DevOps Engineer,Managed infrastructure,"AWS, Terraform, CI/CD, Jenkins, Kubernetes, Monitoring",Architected AWS multi-region infrastructure via Terraform; automated CI/CD pipelines reducing deployment time 80% via Jenkins/GitHub Actions; managed 100-node Kubernetes cluster with 99.95% uptime SLA
6_26,Frontend Engineer,Built UI components,"React, TypeScript, Redux, CSS-in-JS, Performance, Accessibility",Engineered 50+ React components in TypeScript reducing bundle size 35% via code-splitting; optimized performance (Core Web Vitals: 95/100); implemented WCAG 2.1 AA accessibility standards
6_26,Finance Analyst,Created reports,"Excel, SQL, Financial Modeling, FP&A, Forecasting",Built 20+ financial models in Excel/SQL forecasting quarterly revenue with 98% accuracy; automated monthly reporting reducing analyst time 60%; identified $5M+ cost optimization opportunities
6_26,Marketing Manager,Ran campaigns,"Campaign Management, Email, SEO, Analytics, Growth",Executed 50+ integrated marketing campaigns generating $10M revenue; grew email list 5M subscribers with 35% open rate; drove organic traffic 200% via SEO optimization (5 keywords ranking #1)
6_26,Sales Engineer,Managed accounts,"B2B Sales, Technical Demos, Sales Engineering, CRM",Closed $8M in enterprise deals (avg $500K ARR) via technical demos and architecture consulting; maintained 95% customer renewal rate; trained 10-person sales team on technical value props
6_26,UX Designer,Designed interfaces,"Figma, User Research, Prototyping, Usability Testing, Design Systems",Designed complete design system in Figma serving 50+ product teams; conducted 200+ user research sessions reducing churn 25%; prototyped 15 features achieving 90% task completion in usability tests
6_26,QA Engineer,Tested software,"Automation, Selenium, QA, Bug Tracking, Performance Testing",Automated 80% of test suite via Selenium/Python reducing QA time 70%; executed performance testing identifying bottlenecks reducing response time 50%; maintained 0.2% production defect rate
7_27,Software Engineer,Worked on backend systems,"Python, Django, RestAPI, PostgreSQL, Docker, Kubernetes","Built 3 scalable Django REST APIs handling 10M+ requests/month, reducing response latency by 40% via PostgreSQL query optimization; containerized with Docker and deployed via Kubernetes for 99.9% uptime"
7_27,Data Scientist,Analyzed customer data,"Python, SQL, Machine Learning, TensorFlow, BigQuery, Tableau","Engineered ML pipeline processing 500M+ customer records via BigQuery/TensorFlow; built 12 predictive models with 92% accuracy, deployed to production serving 500K daily predictions; visualized insights via Tableau for C-suite"
7_27,Product Manager,Led product launches,"Agile, Roadmap, Stakeholder Management, Analytics, A/B Testing",Directed 5 product launches reaching $2M ARR; managed cross-functional teams of 15+; defined roadmap via OKRs; drove 40% revenue growth through data-driven A/B testing and stakeholder alignment
7_27,DevOps Engineer,Managed infrastructure,"AWS, Terraform, CI/CD, Jenkins, Kubernetes, Monitoring",Architected AWS multi-region infrastructure via Terraform; automated CI/CD pipelines reducing deployment time 80% via Jenkins/GitHub Actions; managed 100-node Kubernetes cluster with 99.95% uptime SLA
7_27,Frontend Engineer,Built UI components,"React, TypeScript, Redux, CSS-in-JS, Performance, Accessibility",Engineered 50+ React components in TypeScript reducing bundle size 35% via code-splitting; optimized performance (Core Web Vitals: 95/100); implemented WCAG 2.1 AA accessibility standards
7_27,Finance Analyst,Created reports,"Excel, SQL, Financial Modeling, FP&A, Forecasting",Built 20+ financial models in Excel/SQL forecasting quarterly revenue with 98% accuracy; automated monthly reporting reducing analyst time 60%; identified $5M+ cost optimization opportunities
7_27,Marketing Manager,Ran campaigns,"Campaign Management, Email, SEO, Analytics, Growth",Executed 50+ integrated marketing campaigns generating $10M revenue; grew email list 5M subscribers with 35% open rate; drove organic traffic 200% via SEO optimization (5 keywords ranking #1)
7_27,Sales Engineer,Managed accounts,"B2B Sales, Technical Demos, Sales Engineering, CRM",Closed $8M in enterprise deals (avg $500K ARR) via technical demos and architecture consulting; maintained 95% customer renewal rate; trained 10-person sales team on technical value props
7_27,UX Designer,Designed interfaces,"Figma, User Research, Prototyping, Usability Testing, Design Systems",Designed complete design system in Figma serving 50+ product teams; conducted 200+ user research sessions reducing churn 25%; prototyped 15 features achieving 90% task completion in usability tests
7_27,QA Engineer,Tested software,"Automation, Selenium, QA, Bug Tracking, Performance Testing",Automated 80% of test suite via Selenium/Python reducing QA time 70%; executed performance testing identifying bottlenecks reducing response time 50%; maintained 0.2% production defect rate
8_28,Software Engineer,Worked on backend systems,"Python, Django, RestAPI, PostgreSQL, Docker, Kubernetes","Built 3 scalable Django REST APIs handling 10M+ requests/month, reducing response latency by 40% via PostgreSQL query optimization; containerized with Docker and deployed via Kubernetes for 99.9% uptime"
8_28,Data Scientist,Analyzed customer data,"Python, SQL, Machine Learning, TensorFlow, BigQuery, Tableau","Engineered ML pipeline processing 500M+ customer records via BigQuery/TensorFlow; built 12 predictive models with 92% accuracy, deployed to production serving 500K daily predictions; visualized insights via Tableau for C-suite"
8_28,Product Manager,Led product launches,"Agile, Roadmap, Stakeholder Management, Analytics, A/B Testing",Directed 5 product launches reaching $2M ARR; managed cross-functional teams of 15+; defined roadmap via OKRs; drove 40% revenue growth through data-driven A/B testing and stakeholder alignment
8_28,DevOps Engineer,Managed infrastructure,"AWS, Terraform, CI/CD, Jenkins, Kubernetes, Monitoring",Architected AWS multi-region infrastructure via Terraform; automated CI/CD pipelines reducing deployment time 80% via Jenkins/GitHub Actions; managed 100-node Kubernetes cluster with 99.95% uptime SLA
8_28,Frontend Engineer,Built UI components,"React, TypeScript, Redux, CSS-in-JS, Performance, Accessibility",Engineered 50+ React components in TypeScript reducing bundle size 35% via code-splitting; optimized performance (Core Web Vitals: 95/100); implemented WCAG 2.1 AA accessibility standards
8_28,Finance Analyst,Created reports,"Excel, SQL, Financial Modeling, FP&A, Forecasting",Built 20+ financial models in Excel/SQL forecasting quarterly revenue with 98% accuracy; automated monthly reporting reducing analyst time 60%; identified $5M+ cost optimization opportunities
8_28,Marketing Manager,Ran campaigns,"Campaign Management, Email, SEO, Analytics, Growth",Executed 50+ integrated marketing campaigns generating $10M revenue; grew email list 5M subscribers with 35% open rate; drove organic traffic 200% via SEO optimization (5 keywords ranking #1)
8_28,Sales Engineer,Managed accounts,"B2B Sales, Technical Demos, Sales Engineering, CRM",Closed $8M in enterprise deals (avg $500K ARR) via technical demos and architecture consulting; maintained 95% customer renewal rate; trained 10-person sales team on technical value props
8_28,UX Designer,Designed interfaces,"Figma, User Research, Prototyping, Usability Testing, Design Systems",Designed complete design system in Figma serving 50+ product teams; conducted 200+ user research sessions reducing churn 25%; prototyped 15 features achieving 90% task completion in usability tests
8_28,QA Engineer,Tested software,"Automation, Selenium, QA, Bug Tracking, Performance Testing",Automated 80% of test suite via Selenium/Python reducing QA time 70%; executed performance testing identifying bottlenecks reducing response time 50%; maintained 0.2% production defect rate
9_29,Software Engineer,Worked on backend systems,"Python, Django, RestAPI, PostgreSQL, Docker, Kubernetes","Built 3 scalable Django REST APIs handling 10M+ requests/month, reducing response latency by 40% via PostgreSQL query optimization; containerized with Docker and deployed via Kubernetes for 99.9% uptime"
9_29,Data Scientist,Analyzed customer data,"Python, SQL, Machine Learning, TensorFlow, BigQuery, Tableau","Engineered ML pipeline processing 500M+ customer records via BigQuery/TensorFlow; built 12 predictive models with 92% accuracy, deployed to production serving 500K daily predictions; visualized insights via Tableau for C-suite"
9_29,Product Manager,Led product launches,"Agile, Roadmap, Stakeholder Management, Analytics, A/B Testing",Directed 5 product launches reaching $2M ARR; managed cross-functional teams of 15+; defined roadmap via OKRs; drove 40% revenue growth through data-driven A/B testing and stakeholder alignment
9_29,DevOps Engineer,Managed infrastructure,"AWS, Terraform, CI/CD, Jenkins, Kubernetes, Monitoring",Architected AWS multi-region infrastructure via Terraform; automated CI/CD pipelines reducing deployment time 80% via Jenkins/GitHub Actions; managed 100-node Kubernetes cluster with 99.95% uptime SLA
9_29,Frontend Engineer,Built UI components,"React, TypeScript, Redux, CSS-in-JS, Performance, Accessibility",Engineered 50+ React components in TypeScript reducing bundle size 35% via code-splitting; optimized performance (Core Web Vitals: 95/100); implemented WCAG 2.1 AA accessibility standards
9_29,Finance Analyst,Created reports,"Excel, SQL, Financial Modeling, FP&A, Forecasting",Built 20+ financial models in Excel/SQL forecasting quarterly revenue with 98% accuracy; automated monthly reporting reducing analyst time 60%; identified $5M+ cost optimization opportunities
9_29,Marketing Manager,Ran campaigns,"Campaign Management, Email, SEO, Analytics, Growth",Executed 50+ integrated marketing campaigns generating $10M revenue; grew email list 5M subscribers with 35% open rate; drove organic traffic 200% via SEO optimization (5 keywords ranking #1)
9_29,Sales Engineer,Managed accounts,"B2B Sales, Technical Demos, Sales Engineering, CRM",Closed $8M in enterprise deals (avg $500K ARR) via technical demos and architecture consulting; maintained 95% customer renewal rate; trained 10-person sales team on technical value props
9_29,UX Designer,Designed interfaces,"Figma, User Research, Prototyping, Usability Testing, Design Systems",Designed complete design system in Figma serving 50+ product teams; conducted 200+ user research sessions reducing churn 25%; prototyped 15 features achieving 90% task completion in usability tests
9_29,QA Engineer,Tested software,"Automation, Selenium, QA, Bug Tracking, Performance Testing",Automated 80% of test suite via Selenium/Python reducing QA time 70%; executed performance testing identifying bottlenecks reducing response time 50%; maintained 0.2% production defect rate
0_30,Software Engineer,Worked on backend systems,"Python, Django, RestAPI, PostgreSQL, Docker, Kubernetes","Built 3 scalable Django REST APIs handling 10M+ requests/month, reducing response latency by 40% via PostgreSQL query optimization; containerized with Docker and deployed via Kubernetes for 99.9% uptime"
0_30,Data Scientist,Analyzed customer data,"Python, SQL, Machine Learning, TensorFlow, BigQuery, Tableau","Engineered ML pipeline processing 500M+ customer records via BigQuery/TensorFlow; built 12 predictive models with 92% accuracy, deployed to production serving 500K daily predictions; visualized insights via Tableau for C-suite"
0_30,Product Manager,Led product launches,"Agile, Roadmap, Stakeholder Management, Analytics, A/B Testing",Directed 5 product launches reaching $2M ARR; managed cross-functional teams of 15+; defined roadmap via OKRs; drove 40% revenue growth through data-driven A/B testing and stakeholder alignment
0_30,DevOps Engineer,Managed infrastructure,"AWS, Terraform, CI/CD, Jenkins, Kubernetes, Monitoring",Architected AWS multi-region infrastructure via Terraform; automated CI/CD pipelines reducing deployment time 80% via Jenkins/GitHub Actions; managed 100-node Kubernetes cluster with 99.95% uptime SLA
0_30,Frontend Engineer,Built UI components,"React, TypeScript, Redux, CSS-in-JS, Performance, Accessibility",Engineered 50+ React components in TypeScript reducing bundle size 35% via code-splitting; optimized performance (Core Web Vitals: 95/100); implemented WCAG 2.1 AA accessibility standards
0_30,Finance Analyst,Created reports,"Excel, SQL, Financial Modeling, FP&A, Forecasting",Built 20+ financial models in Excel/SQL forecasting quarterly revenue with 98% accuracy; automated monthly reporting reducing analyst time 60%; identified $5M+ cost optimization opportunities
0_30,Marketing Manager,Ran campaigns,"Campaign Management, Email, SEO, Analytics, Growth",Executed 50+ integrated marketing campaigns generating $10M revenue; grew email list 5M subscribers with 35% open rate; drove organic traffic 200% via SEO optimization (5 keywords ranking #1)
0_30,Sales Engineer,Managed accounts,"B2B Sales, Technical Demos, Sales Engineering, CRM",Closed $8M in enterprise deals (avg $500K ARR) via technical demos and architecture consulting; maintained 95% customer renewal rate; trained 10-person sales team on technical value props
0_30,UX Designer,Designed interfaces,"Figma, User Research, Prototyping, Usability Testing, Design Systems",Designed complete design system in Figma serving 50+ product teams; conducted 200+ user research sessions reducing churn 25%; prototyped 15 features achieving 90% task completion in usability tests
0_30,QA Engineer,Tested software,"Automation, Selenium, QA, Bug Tracking, Performance Testing",Automated 80% of test suite via Selenium/Python reducing QA time 70%; executed performance testing identifying bottlenecks reducing response time 50%; maintained 0.2% production defect rate
1_31,Software Engineer,Worked on backend systems,"Python, Django, RestAPI, PostgreSQL, Docker, Kubernetes","Built 3 scalable Django REST APIs handling 10M+ requests/month, reducing response latency by 40% via PostgreSQL query optimization; containerized with Docker and deployed via Kubernetes for 99.9% uptime"
1_31,Data Scientist,Analyzed customer data,"Python, SQL, Machine Learning, TensorFlow, BigQuery, Tableau","Engineered ML pipeline processing 500M+ customer records via BigQuery/TensorFlow; built 12 predictive models with 92% accuracy, deployed to production serving 500K daily predictions; visualized insights via Tableau for C-suite"
1_31,Product Manager,Led product launches,"Agile, Roadmap, Stakeholder Management, Analytics, A/B Testing",Directed 5 product launches reaching $2M ARR; managed cross-functional teams of 15+; defined roadmap via OKRs; drove 40% revenue growth through data-driven A/B testing and stakeholder alignment
1_31,DevOps Engineer,Managed infrastructure,"AWS, Terraform, CI/CD, Jenkins, Kubernetes, Monitoring",Architected AWS multi-region infrastructure via Terraform; automated CI/CD pipelines reducing deployment time 80% via Jenkins/GitHub Actions; managed 100-node Kubernetes cluster with 99.95% uptime SLA
1_31,Frontend Engineer,Built UI components,"React, TypeScript, Redux, CSS-in-JS, Performance, Accessibility",Engineered 50+ React components in TypeScript reducing bundle size 35% via code-splitting; optimized performance (Core Web Vitals: 95/100); implemented WCAG 2.1 AA accessibility standards
1_31,Finance Analyst,Created reports,"Excel, SQL, Financial Modeling, FP&A, Forecasting",Built 20+ financial models in Excel/SQL forecasting quarterly revenue with 98% accuracy; automated monthly reporting reducing analyst time 60%; identified $5M+ cost optimization opportunities
1_31,Marketing Manager,Ran campaigns,"Campaign Management, Email, SEO, Analytics, Growth",Executed 50+ integrated marketing campaigns generating $10M revenue; grew email list 5M subscribers with 35% open rate; drove organic traffic 200% via SEO optimization (5 keywords ranking #1)
1_31,Sales Engineer,Managed accounts,"B2B Sales, Technical Demos, Sales Engineering, CRM",Closed $8M in enterprise deals (avg $500K ARR) via technical demos and architecture consulting; maintained 95% customer renewal rate; trained 10-person sales team on technical value props
1_31,UX Designer,Designed interfaces,"Figma, User Research, Prototyping, Usability Testing, Design Systems",Designed complete design system in Figma serving 50+ product teams; conducted 200+ user research sessions reducing churn 25%; prototyped 15 features achieving 90% task completion in usability tests
1_31,QA Engineer,Tested software,"Automation, Selenium, QA, Bug Tracking, Performance Testing",Automated 80% of test suite via Selenium/Python reducing QA time 70%; executed performance testing identifying bottlenecks reducing response time 50%; maintained 0.2% production defect rate
2_32,Software Engineer,Worked on backend systems,"Python, Django, RestAPI, PostgreSQL, Docker, Kubernetes","Built 3 scalable Django REST APIs handling 10M+ requests/month, reducing response latency by 40% via PostgreSQL query optimization; containerized with Docker and deployed via Kubernetes for 99.9% uptime"
2_32,Data Scientist,Analyzed customer data,"Python, SQL, Machine Learning, TensorFlow, BigQuery, Tableau","Engineered ML pipeline processing 500M+ customer records via BigQuery/TensorFlow; built 12 predictive models with 92% accuracy, deployed to production serving 500K daily predictions; visualized insights via Tableau for C-suite"
2_32,Product Manager,Led product launches,"Agile, Roadmap, Stakeholder Management, Analytics, A/B Testing",Directed 5 product launches reaching $2M ARR; managed cross-functional teams of 15+; defined roadmap via OKRs; drove 40% revenue growth through data-driven A/B testing and stakeholder alignment
2_32,DevOps Engineer,Managed infrastructure,"AWS, Terraform, CI/CD, Jenkins, Kubernetes, Monitoring",Architected AWS multi-region infrastructure via Terraform; automated CI/CD pipelines reducing deployment time 80% via Jenkins/GitHub Actions; managed 100-node Kubernetes cluster with 99.95% uptime SLA
2_32,Frontend Engineer,Built UI components,"React, TypeScript, Redux, CSS-in-JS, Performance, Accessibility",Engineered 50+ React components in TypeScript reducing bundle size 35% via code-splitting; optimized performance (Core Web Vitals: 95/100); implemented WCAG 2.1 AA accessibility standards
2_32,Finance Analyst,Created reports,"Excel, SQL, Financial Modeling, FP&A, Forecasting",Built 20+ financial models in Excel/SQL forecasting quarterly revenue with 98% accuracy; automated monthly reporting reducing analyst time 60%; identified $5M+ cost optimization opportunities
2_32,Marketing Manager,Ran campaigns,"Campaign Management, Email, SEO, Analytics, Growth",Executed 50+ integrated marketing campaigns generating $10M revenue; grew email list 5M subscribers with 35% open rate; drove organic traffic 200% via SEO optimization (5 keywords ranking #1)
2_32,Sales Engineer,Managed accounts,"B2B Sales, Technical Demos, Sales Engineering, CRM",Closed $8M in enterprise deals (avg $500K ARR) via technical demos and architecture consulting; maintained 95% customer renewal rate; trained 10-person sales team on technical value props
2_32,UX Designer,Designed interfaces,"Figma, User Research, Prototyping, Usability Testing, Design Systems",Designed complete design system in Figma serving 50+ product teams; conducted 200+ user research sessions reducing churn 25%; prototyped 15 features achieving 90% task completion in usability tests
2_32,QA Engineer,Tested software,"Automation, Selenium, QA, Bug Tracking, Performance Testing",Automated 80% of test suite via Selenium/Python reducing QA time 70%; executed performance testing identifying bottlenecks reducing response time 50%; maintained 0.2% production defect rate
3_33,Software Engineer,Worked on backend systems,"Python, Django, RestAPI, PostgreSQL, Docker, Kubernetes","Built 3 scalable Django REST APIs handling 10M+ requests/month, reducing response latency by 40% via PostgreSQL query optimization; containerized with Docker and deployed via Kubernetes for 99.9% uptime"
3_33,Data Scientist,Analyzed customer data,"Python, SQL, Machine Learning, TensorFlow, BigQuery, Tableau","Engineered ML pipeline processing 500M+ customer records via BigQuery/TensorFlow; built 12 predictive models with 92% accuracy, deployed to production serving 500K daily predictions; visualized insights via Tableau for C-suite"
3_33,Product Manager,Led product launches,"Agile, Roadmap, Stakeholder Management, Analytics, A/B Testing",Directed 5 product launches reaching $2M ARR; managed cross-functional teams of 15+; defined roadmap via OKRs; drove 40% revenue growth through data-driven A/B testing and stakeholder alignment
3_33,DevOps Engineer,Managed infrastructure,"AWS, Terraform, CI/CD, Jenkins, Kubernetes, Monitoring",Architected AWS multi-region infrastructure via Terraform; automated CI/CD pipelines reducing deployment time 80% via Jenkins/GitHub Actions; managed 100-node Kubernetes cluster with 99.95% uptime SLA
3_33,Frontend Engineer,Built UI components,"React, TypeScript, Redux, CSS-in-JS, Performance, Accessibility",Engineered 50+ React components in TypeScript reducing bundle size 35% via code-splitting; optimized performance (Core Web Vitals: 95/100); implemented WCAG 2.1 AA accessibility standards
3_33,Finance Analyst,Created reports,"Excel, SQL, Financial Modeling, FP&A, Forecasting",Built 20+ financial models in Excel/SQL forecasting quarterly revenue with 98% accuracy; automated monthly reporting reducing analyst time 60%; identified $5M+ cost optimization opportunities
3_33,Marketing Manager,Ran campaigns,"Campaign Management, Email, SEO, Analytics, Growth",Executed 50+ integrated marketing campaigns generating $10M revenue; grew email list 5M subscribers with 35% open rate; drove organic traffic 200% via SEO optimization (5 keywords ranking #1)
3_33,Sales Engineer,Managed accounts,"B2B Sales, Technical Demos, Sales Engineering, CRM",Closed $8M in enterprise deals (avg $500K ARR) via technical demos and architecture consulting; maintained 95% customer renewal rate; trained 10-person sales team on technical value props
3_33,UX Designer,Designed interfaces,"Figma, User Research, Prototyping, Usability Testing, Design Systems",Designed complete design system in Figma serving 50+ product teams; conducted 200+ user research sessions reducing churn 25%; prototyped 15 features achieving 90% task completion in usability tests
3_33,QA Engineer,Tested software,"Automation, Selenium, QA, Bug Tracking, Performance Testing",Automated 80% of test suite via Selenium/Python reducing QA time 70%; executed performance testing identifying bottlenecks reducing response time 50%; maintained 0.2% production defect rate
4_34,Software Engineer,Worked on backend systems,"Python, Django, RestAPI, PostgreSQL, Docker, Kubernetes","Built 3 scalable Django REST APIs handling 10M+ requests/month, reducing response latency by 40% via PostgreSQL query optimization; containerized with Docker and deployed via Kubernetes for 99.9% uptime"
4_34,Data Scientist,Analyzed customer data,"Python, SQL, Machine Learning, TensorFlow, BigQuery, Tableau","Engineered ML pipeline processing 500M+ customer records via BigQuery/TensorFlow; built 12 predictive models with 92% accuracy, deployed to production serving 500K daily predictions; visualized insights via Tableau for C-suite"
4_34,Product Manager,Led product launches,"Agile, Roadmap, Stakeholder Management, Analytics, A/B Testing",Directed 5 product launches reaching $2M ARR; managed cross-functional teams of 15+; defined roadmap via OKRs; drove 40% revenue growth through data-driven A/B testing and stakeholder alignment
4_34,DevOps Engineer,Managed infrastructure,"AWS, Terraform, CI/CD, Jenkins, Kubernetes, Monitoring",Architected AWS multi-region infrastructure via Terraform; automated CI/CD pipelines reducing deployment time 80% via Jenkins/GitHub Actions; managed 100-node Kubernetes cluster with 99.95% uptime SLA
4_34,Frontend Engineer,Built UI components,"React, TypeScript, Redux, CSS-in-JS, Performance, Accessibility",Engineered 50+ React components in TypeScript reducing bundle size 35% via code-splitting; optimized performance (Core Web Vitals: 95/100); implemented WCAG 2.1 AA accessibility standards
4_34,Finance Analyst,Created reports,"Excel, SQL, Financial Modeling, FP&A, Forecasting",Built 20+ financial models in Excel/SQL forecasting quarterly revenue with 98% accuracy; automated monthly reporting reducing analyst time 60%; identified $5M+ cost optimization opportunities
4_34,Marketing Manager,Ran campaigns,"Campaign Management, Email, SEO, Analytics, Growth",Executed 50+ integrated marketing campaigns generating $10M revenue; grew email list 5M subscribers with 35% open rate; drove organic traffic 200% via SEO optimization (5 keywords ranking #1)
4_34,Sales Engineer,Managed accounts,"B2B Sales, Technical Demos, Sales Engineering, CRM",Closed $8M in enterprise deals (avg $500K ARR) via technical demos and architecture consulting; maintained 95% customer renewal rate; trained 10-person sales team on technical value props
4_34,UX Designer,Designed interfaces,"Figma, User Research, Prototyping, Usability Testing, Design Systems",Designed complete design system in Figma serving 50+ product teams; conducted 200+ user research sessions reducing churn 25%; prototyped 15 features achieving 90% task completion in usability tests
4_34,QA Engineer,Tested software,"Automation, Selenium, QA, Bug Tracking, Performance Testing",Automated 80% of test suite via Selenium/Python reducing QA time 70%; executed performance testing identifying bottlenecks reducing response time 50%; maintained 0.2% production defect rate
5_35,Software Engineer,Worked on backend systems,"Python, Django, RestAPI, PostgreSQL, Docker, Kubernetes","Built 3 scalable Django REST APIs handling 10M+ requests/month, reducing response latency by 40% via PostgreSQL query optimization; containerized with Docker and deployed via Kubernetes for 99.9% uptime"
5_35,Data Scientist,Analyzed customer data,"Python, SQL, Machine Learning, TensorFlow, BigQuery, Tableau","Engineered ML pipeline processing 500M+ customer records via BigQuery/TensorFlow; built 12 predictive models with 92% accuracy, deployed to production serving 500K daily predictions; visualized insights via Tableau for C-suite"
5_35,Product Manager,Led product launches,"Agile, Roadmap, Stakeholder Management, Analytics, A/B Testing",Directed 5 product launches reaching $2M ARR; managed cross-functional teams of 15+; defined roadmap via OKRs; drove 40% revenue growth through data-driven A/B testing and stakeholder alignment
5_35,DevOps Engineer,Managed infrastructure,"AWS, Terraform, CI/CD, Jenkins, Kubernetes, Monitoring",Architected AWS multi-region infrastructure via Terraform; automated CI/CD pipelines reducing deployment time 80% via Jenkins/GitHub Actions; managed 100-node Kubernetes cluster with 99.95% uptime SLA
5_35,Frontend Engineer,Built UI components,"React, TypeScript, Redux, CSS-in-JS, Performance, Accessibility",Engineered 50+ React components in TypeScript reducing bundle size 35% via code-splitting; optimized performance (Core Web Vitals: 95/100); implemented WCAG 2.1 AA accessibility standards
5_35,Finance Analyst,Created reports,"Excel, SQL, Financial Modeling, FP&A, Forecasting",Built 20+ financial models in Excel/SQL forecasting quarterly revenue with 98% accuracy; automated monthly reporting reducing analyst time 60%; identified $5M+ cost optimization opportunities
5_35,Marketing Manager,Ran campaigns,"Campaign Management, Email, SEO, Analytics, Growth",Executed 50+ integrated marketing campaigns generating $10M revenue; grew email list 5M subscribers with 35% open rate; drove organic traffic 200% via SEO optimization (5 keywords ranking #1)
5_35,Sales Engineer,Managed accounts,"B2B Sales, Technical Demos, Sales Engineering, CRM",Closed $8M in enterprise deals (avg $500K ARR) via technical demos and architecture consulting; maintained 95% customer renewal rate; trained 10-person sales team on technical value props
5_35,UX Designer,Designed interfaces,"Figma, User Research, Prototyping, Usability Testing, Design Systems",Designed complete design system in Figma serving 50+ product teams; conducted 200+ user research sessions reducing churn 25%; prototyped 15 features achieving 90% task completion in usability tests
5_35,QA Engineer,Tested software,"Automation, Selenium, QA, Bug Tracking, Performance Testing",Automated 80% of test suite via Selenium/Python reducing QA time 70%; executed performance testing identifying bottlenecks reducing response time 50%; maintained 0.2% production defect rate
6_36,Software Engineer,Worked on backend systems,"Python, Django, RestAPI, PostgreSQL, Docker, Kubernetes","Built 3 scalable Django REST APIs handling 10M+ requests/month, reducing response latency by 40% via PostgreSQL query optimization; containerized with Docker and deployed via Kubernetes for 99.9% uptime"
6_36,Data Scientist,Analyzed customer data,"Python, SQL, Machine Learning, TensorFlow, BigQuery, Tableau","Engineered ML pipeline processing 500M+ customer records via BigQuery/TensorFlow; built 12 predictive models with 92% accuracy, deployed to production serving 500K daily predictions; visualized insights via Tableau for C-suite"
6_36,Product Manager,Led product launches,"Agile, Roadmap, Stakeholder Management, Analytics, A/B Testing",Directed 5 product launches reaching $2M ARR; managed cross-functional teams of 15+; defined roadmap via OKRs; drove 40% revenue growth through data-driven A/B testing and stakeholder alignment
6_36,DevOps Engineer,Managed infrastructure,"AWS, Terraform, CI/CD, Jenkins, Kubernetes, Monitoring",Architected AWS multi-region infrastructure via Terraform; automated CI/CD pipelines reducing deployment time 80% via Jenkins/GitHub Actions; managed 100-node Kubernetes cluster with 99.95% uptime SLA
6_36,Frontend Engineer,Built UI components,"React, TypeScript, Redux, CSS-in-JS, Performance, Accessibility",Engineered 50+ React components in TypeScript reducing bundle size 35% via code-splitting; optimized performance (Core Web Vitals: 95/100); implemented WCAG 2.1 AA accessibility standards
6_36,Finance Analyst,Created reports,"Excel, SQL, Financial Modeling, FP&A, Forecasting",Built 20+ financial models in Excel/SQL forecasting quarterly revenue with 98% accuracy; automated monthly reporting reducing analyst time 60%; identified $5M+ cost optimization opportunities
6_36,Marketing Manager,Ran campaigns,"Campaign Management, Email, SEO, Analytics, Growth",Executed 50+ integrated marketing campaigns generating $10M revenue; grew email list 5M subscribers with 35% open rate; drove organic traffic 200% via SEO optimization (5 keywords ranking #1)
6_36,Sales Engineer,Managed accounts,"B2B Sales, Technical Demos, Sales Engineering, CRM",Closed $8M in enterprise deals (avg $500K ARR) via technical demos and architecture consulting; maintained 95% customer renewal rate; trained 10-person sales team on technical value props
6_36,UX Designer,Designed interfaces,"Figma, User Research, Prototyping, Usability Testing, Design Systems",Designed complete design system in Figma serving 50+ product teams; conducted 200+ user research sessions reducing churn 25%; prototyped 15 features achieving 90% task completion in usability tests
6_36,QA Engineer,Tested software,"Automation, Selenium, QA, Bug Tracking, Performance Testing",Automated 80% of test suite via Selenium/Python reducing QA time 70%; executed performance testing identifying bottlenecks reducing response time 50%; maintained 0.2% production defect rate
7_37,Software Engineer,Worked on backend systems,"Python, Django, RestAPI, PostgreSQL, Docker, Kubernetes","Built 3 scalable Django REST APIs handling 10M+ requests/month, reducing response latency by 40% via PostgreSQL query optimization; containerized with Docker and deployed via Kubernetes for 99.9% uptime"
7_37,Data Scientist,Analyzed customer data,"Python, SQL, Machine Learning, TensorFlow, BigQuery, Tableau","Engineered ML pipeline processing 500M+ customer records via BigQuery/TensorFlow; built 12 predictive models with 92% accuracy, deployed to production serving 500K daily predictions; visualized insights via Tableau for C-suite"
7_37,Product Manager,Led product launches,"Agile, Roadmap, Stakeholder Management, Analytics, A/B Testing",Directed 5 product launches reaching $2M ARR; managed cross-functional teams of 15+; defined roadmap via OKRs; drove 40% revenue growth through data-driven A/B testing and stakeholder alignment
7_37,DevOps Engineer,Managed infrastructure,"AWS, Terraform, CI/CD, Jenkins, Kubernetes, Monitoring",Architected AWS multi-region infrastructure via Terraform; automated CI/CD pipelines reducing deployment time 80% via Jenkins/GitHub Actions; managed 100-node Kubernetes cluster with 99.95% uptime SLA
7_37,Frontend Engineer,Built UI components,"React, TypeScript, Redux, CSS-in-JS, Performance, Accessibility",Engineered 50+ React components in TypeScript reducing bundle size 35% via code-splitting; optimized performance (Core Web Vitals: 95/100); implemented WCAG 2.1 AA accessibility standards
7_37,Finance Analyst,Created reports,"Excel, SQL, Financial Modeling, FP&A, Forecasting",Built 20+ financial models in Excel/SQL forecasting quarterly revenue with 98% accuracy; automated monthly reporting reducing analyst time 60%; identified $5M+ cost optimization opportunities
7_37,Marketing Manager,Ran campaigns,"Campaign Management, Email, SEO, Analytics, Growth",Executed 50+ integrated marketing campaigns generating $10M revenue; grew email list 5M subscribers with 35% open rate; drove organic traffic 200% via SEO optimization (5 keywords ranking #1)
7_37,Sales Engineer,Managed accounts,"B2B Sales, Technical Demos, Sales Engineering, CRM",Closed $8M in enterprise deals (avg $500K ARR) via technical demos and architecture consulting; maintained 95% customer renewal rate; trained 10-person sales team on technical value props
7_37,UX Designer,Designed interfaces,"Figma, User Research, Prototyping, Usability Testing, Design Systems",Designed complete design system in Figma serving 50+ product teams; conducted 200+ user research sessions reducing churn 25%; prototyped 15 features achieving 90% task completion in usability tests
7_37,QA Engineer,Tested software,"Automation, Selenium, QA, Bug Tracking, Performance Testing",Automated 80% of test suite via Selenium/Python reducing QA time 70%; executed performance testing identifying bottlenecks reducing response time 50%; maintained 0.2% production defect rate
8_38,Software Engineer,Worked on backend systems,"Python, Django, RestAPI, PostgreSQL, Docker, Kubernetes","Built 3 scalable Django REST APIs handling 10M+ requests/month, reducing response latency by 40% via PostgreSQL query optimization; containerized with Docker and deployed via Kubernetes for 99.9% uptime"
8_38,Data Scientist,Analyzed customer data,"Python, SQL, Machine Learning, TensorFlow, BigQuery, Tableau","Engineered ML pipeline processing 500M+ customer records via BigQuery/TensorFlow; built 12 predictive models with 92% accuracy, deployed to production serving 500K daily predictions; visualized insights via Tableau for C-suite"
8_38,Product Manager,Led product launches,"Agile, Roadmap, Stakeholder Management, Analytics, A/B Testing",Directed 5 product launches reaching $2M ARR; managed cross-functional teams of 15+; defined roadmap via OKRs; drove 40% revenue growth through data-driven A/B testing and stakeholder alignment
8_38,DevOps Engineer,Managed infrastructure,"AWS, Terraform, CI/CD, Jenkins, Kubernetes, Monitoring",Architected AWS multi-region infrastructure via Terraform; automated CI/CD pipelines reducing deployment time 80% via Jenkins/GitHub Actions; managed 100-node Kubernetes cluster with 99.95% uptime SLA
8_38,Frontend Engineer,Built UI components,"React, TypeScript, Redux, CSS-in-JS, Performance, Accessibility",Engineered 50+ React components in TypeScript reducing bundle size 35% via code-splitting; optimized performance (Core Web Vitals: 95/100); implemented WCAG 2.1 AA accessibility standards
8_38,Finance Analyst,Created reports,"Excel, SQL, Financial Modeling, FP&A, Forecasting",Built 20+ financial models in Excel/SQL forecasting quarterly revenue with 98% accuracy; automated monthly reporting reducing analyst time 60%; identified $5M+ cost optimization opportunities
8_38,Marketing Manager,Ran campaigns,"Campaign Management, Email, SEO, Analytics, Growth",Executed 50+ integrated marketing campaigns generating $10M revenue; grew email list 5M subscribers with 35% open rate; drove organic traffic 200% via SEO optimization (5 keywords ranking #1)
8_38,Sales Engineer,Managed accounts,"B2B Sales, Technical Demos, Sales Engineering, CRM",Closed $8M in enterprise deals (avg $500K ARR) via technical demos and architecture consulting; maintained 95% customer renewal rate; trained 10-person sales team on technical value props
8_38,UX Designer,Designed interfaces,"Figma, User Research, Prototyping, Usability Testing, Design Systems",Designed complete design system in Figma serving 50+ product teams; conducted 200+ user research sessions reducing churn 25%; prototyped 15 features achieving 90% task completion in usability tests
8_38,QA Engineer,Tested software,"Automation, Selenium, QA, Bug Tracking, Performance Testing",Automated 80% of test suite via Selenium/Python reducing QA time 70%; executed performance testing identifying bottlenecks reducing response time 50%; maintained 0.2% production defect rate
9_39,Software Engineer,Worked on backend systems,"Python, Django, RestAPI, PostgreSQL, Docker, Kubernetes","Built 3 scalable Django REST APIs handling 10M+ requests/month, reducing response latency by 40% via PostgreSQL query optimization; containerized with Docker and deployed via Kubernetes for 99.9% uptime"
9_39,Data Scientist,Analyzed customer data,"Python, SQL, Machine Learning, TensorFlow, BigQuery, Tableau","Engineered ML pipeline processing 500M+ customer records via BigQuery/TensorFlow; built 12 predictive models with 92% accuracy, deployed to production serving 500K daily predictions; visualized insights via Tableau for C-suite"
9_39,Product Manager,Led product launches,"Agile, Roadmap, Stakeholder Management, Analytics, A/B Testing",Directed 5 product launches reaching $2M ARR; managed cross-functional teams of 15+; defined roadmap via OKRs; drove 40% revenue growth through data-driven A/B testing and stakeholder alignment
9_39,DevOps Engineer,Managed infrastructure,"AWS, Terraform, CI/CD, Jenkins, Kubernetes, Monitoring",Architected AWS multi-region infrastructure via Terraform; automated CI/CD pipelines reducing deployment time 80% via Jenkins/GitHub Actions; managed 100-node Kubernetes cluster with 99.95% uptime SLA
9_39,Frontend Engineer,Built UI components,"React, TypeScript, Redux, CSS-in-JS, Performance, Accessibility",Engineered 50+ React components in TypeScript reducing bundle size 35% via code-splitting; optimized performance (Core Web Vitals: 95/100); implemented WCAG 2.1 AA accessibility standards
9_39,Finance Analyst,Created reports,"Excel, SQL, Financial Modeling, FP&A, Forecasting",Built 20+ financial models in Excel/SQL forecasting quarterly revenue with 98% accuracy; automated monthly reporting reducing analyst time 60%; identified $5M+ cost optimization opportunities
9_39,Marketing Manager,Ran campaigns,"Campaign Management, Email, SEO, Analytics, Growth",Executed 50+ integrated marketing campaigns generating $10M revenue; grew email list 5M subscribers with 35% open rate; drove organic traffic 200% via SEO optimization (5 keywords ranking #1)
9_39,Sales Engineer,Managed accounts,"B2B Sales, Technical Demos, Sales Engineering, CRM",Closed $8M in enterprise deals (avg $500K ARR) via technical demos and architecture consulting; maintained 95% customer renewal rate; trained 10-person sales team on technical value props
9_39,UX Designer,Designed interfaces,"Figma, User Research, Prototyping, Usability Testing, Design Systems",Designed complete design system in Figma serving 50+ product teams; conducted 200+ user research sessions reducing churn 25%; prototyped 15 features achieving 90% task completion in usability tests
9_39,QA Engineer,Tested software,"Automation, Selenium, QA, Bug Tracking, Performance Testing",Automated 80% of test suite via Selenium/Python reducing QA time 70%; executed performance testing identifying bottlenecks reducing response time 50%; maintained 0.2% production defect rate
0_40,Software Engineer,Worked on backend systems,"Python, Django, RestAPI, PostgreSQL, Docker, Kubernetes","Built 3 scalable Django REST APIs handling 10M+ requests/month, reducing response latency by 40% via PostgreSQL query optimization; containerized with Docker and deployed via Kubernetes for 99.9% uptime"
0_40,Data Scientist,Analyzed customer data,"Python, SQL, Machine Learning, TensorFlow, BigQuery, Tableau","Engineered ML pipeline processing 500M+ customer records via BigQuery/TensorFlow; built 12 predictive models with 92% accuracy, deployed to production serving 500K daily predictions; visualized insights via Tableau for C-suite"
0_40,Product Manager,Led product launches,"Agile, Roadmap, Stakeholder Management, Analytics, A/B Testing",Directed 5 product launches reaching $2M ARR; managed cross-functional teams of 15+; defined roadmap via OKRs; drove 40% revenue growth through data-driven A/B testing and stakeholder alignment
0_40,DevOps Engineer,Managed infrastructure,"AWS, Terraform, CI/CD, Jenkins, Kubernetes, Monitoring",Architected AWS multi-region infrastructure via Terraform; automated CI/CD pipelines reducing deployment time 80% via Jenkins/GitHub Actions; managed 100-node Kubernetes cluster with 99.95% uptime SLA
0_40,Frontend Engineer,Built UI components,"React, TypeScript, Redux, CSS-in-JS, Performance, Accessibility",Engineered 50+ React components in TypeScript reducing bundle size 35% via code-splitting; optimized performance (Core Web Vitals: 95/100); implemented WCAG 2.1 AA accessibility standards
0_40,Finance Analyst,Created reports,"Excel, SQL, Financial Modeling, FP&A, Forecasting",Built 20+ financial models in Excel/SQL forecasting quarterly revenue with 98% accuracy; automated monthly reporting reducing analyst time 60%; identified $5M+ cost optimization opportunities
0_40,Marketing Manager,Ran campaigns,"Campaign Management, Email, SEO, Analytics, Growth",Executed 50+ integrated marketing campaigns generating $10M revenue; grew email list 5M subscribers with 35% open rate; drove organic traffic 200% via SEO optimization (5 keywords ranking #1)
0_40,Sales Engineer,Managed accounts,"B2B Sales, Technical Demos, Sales Engineering, CRM",Closed $8M in enterprise deals (avg $500K ARR) via technical demos and architecture consulting; maintained 95% customer renewal rate; trained 10-person sales team on technical value props
0_40,UX Designer,Designed interfaces,"Figma, User Research, Prototyping, Usability Testing, Design Systems",Designed complete design system in Figma serving 50+ product teams; conducted 200+ user research sessions reducing churn 25%; prototyped 15 features achieving 90% task completion in usability tests
0_40,QA Engineer,Tested software,"Automation, Selenium, QA, Bug Tracking, Performance Testing",Automated 80% of test suite via Selenium/Python reducing QA time 70%; executed performance testing identifying bottlenecks reducing response time 50%; maintained 0.2% production defect rate
1_41,Software Engineer,Worked on backend systems,"Python, Django, RestAPI, PostgreSQL, Docker, Kubernetes","Built 3 scalable Django REST APIs handling 10M+ requests/month, reducing response latency by 40% via PostgreSQL query optimization; containerized with Docker and deployed via Kubernetes for 99.9% uptime"
1_41,Data Scientist,Analyzed customer data,"Python, SQL, Machine Learning, TensorFlow, BigQuery, Tableau","Engineered ML pipeline processing 500M+ customer records via BigQuery/TensorFlow; built 12 predictive models with 92% accuracy, deployed to production serving 500K daily predictions; visualized insights via Tableau for C-suite"
1_41,Product Manager,Led product launches,"Agile, Roadmap, Stakeholder Management, Analytics, A/B Testing",Directed 5 product launches reaching $2M ARR; managed cross-functional teams of 15+; defined roadmap via OKRs; drove 40% revenue growth through data-driven A/B testing and stakeholder alignment
1_41,DevOps Engineer,Managed infrastructure,"AWS, Terraform, CI/CD, Jenkins, Kubernetes, Monitoring",Architected AWS multi-region infrastructure via Terraform; automated CI/CD pipelines reducing deployment time 80% via Jenkins/GitHub Actions; managed 100-node Kubernetes cluster with 99.95% uptime SLA
1_41,Frontend Engineer,Built UI components,"React, TypeScript, Redux, CSS-in-JS, Performance, Accessibility",Engineered 50+ React components in TypeScript reducing bundle size 35% via code-splitting; optimized performance (Core Web Vitals: 95/100); implemented WCAG 2.1 AA accessibility standards
1_41,Finance Analyst,Created reports,"Excel, SQL, Financial Modeling, FP&A, Forecasting",Built 20+ financial models in Excel/SQL forecasting quarterly revenue with 98% accuracy; automated monthly reporting reducing analyst time 60%; identified $5M+ cost optimization opportunities
1_41,Marketing Manager,Ran campaigns,"Campaign Management, Email, SEO, Analytics, Growth",Executed 50+ integrated marketing campaigns generating $10M revenue; grew email list 5M subscribers with 35% open rate; drove organic traffic 200% via SEO optimization (5 keywords ranking #1)
1_41,Sales Engineer,Managed accounts,"B2B Sales, Technical Demos, Sales Engineering, CRM",Closed $8M in enterprise deals (avg $500K ARR) via technical demos and architecture consulting; maintained 95% customer renewal rate; trained 10-person sales team on technical value props
1_41,UX Designer,Designed interfaces,"Figma, User Research, Prototyping, Usability Testing, Design Systems",Designed complete design system in Figma serving 50+ product teams; conducted 200+ user research sessions reducing churn 25%; prototyped 15 features achieving 90% task completion in usability tests
1_41,QA Engineer,Tested software,"Automation, Selenium, QA, Bug Tracking, Performance Testing",Automated 80% of test suite via Selenium/Python reducing QA time 70%; executed performance testing identifying bottlenecks reducing response time 50%; maintained 0.2% production defect rate
2_42,Software Engineer,Worked on backend systems,"Python, Django, RestAPI, PostgreSQL, Docker, Kubernetes","Built 3 scalable Django REST APIs handling 10M+ requests/month, reducing response latency by 40% via PostgreSQL query optimization; containerized with Docker and deployed via Kubernetes for 99.9% uptime"
2_42,Data Scientist,Analyzed customer data,"Python, SQL, Machine Learning, TensorFlow, BigQuery, Tableau","Engineered ML pipeline processing 500M+ customer records via BigQuery/TensorFlow; built 12 predictive models with 92% accuracy, deployed to production serving 500K daily predictions; visualized insights via Tableau for C-suite"
2_42,Product Manager,Led product launches,"Agile, Roadmap, Stakeholder Management, Analytics, A/B Testing",Directed 5 product launches reaching $2M ARR; managed cross-functional teams of 15+; defined roadmap via OKRs; drove 40% revenue growth through data-driven A/B testing and stakeholder alignment
2_42,DevOps Engineer,Managed infrastructure,"AWS, Terraform, CI/CD, Jenkins, Kubernetes, Monitoring",Architected AWS multi-region infrastructure via Terraform; automated CI/CD pipelines reducing deployment time 80% via Jenkins/GitHub Actions; managed 100-node Kubernetes cluster with 99.95% uptime SLA
2_42,Frontend Engineer,Built UI components,"React, TypeScript, Redux, CSS-in-JS, Performance, Accessibility",Engineered 50+ React components in TypeScript reducing bundle size 35% via code-splitting; optimized performance (Core Web Vitals: 95/100); implemented WCAG 2.1 AA accessibility standards
2_42,Finance Analyst,Created reports,"Excel, SQL, Financial Modeling, FP&A, Forecasting",Built 20+ financial models in Excel/SQL forecasting quarterly revenue with 98% accuracy; automated monthly reporting reducing analyst time 60%; identified $5M+ cost optimization opportunities
2_42,Marketing Manager,Ran campaigns,"Campaign Management, Email, SEO, Analytics, Growth",Executed 50+ integrated marketing campaigns generating $10M revenue; grew email list 5M subscribers with 35% open rate; drove organic traffic 200% via SEO optimization (5 keywords ranking #1)
2_42,Sales Engineer,Managed accounts,"B2B Sales, Technical Demos, Sales Engineering, CRM",Closed $8M in enterprise deals (avg $500K ARR) via technical demos and architecture consulting; maintained 95% customer renewal rate; trained 10-person sales team on technical value props
2_42,UX Designer,Designed interfaces,"Figma, User Research, Prototyping, Usability Testing, Design Systems",Designed complete design system in Figma serving 50+ product teams; conducted 200+ user research sessions reducing churn 25%; prototyped 15 features achieving 90% task completion in usability tests
2_42,QA Engineer,Tested software,"Automation, Selenium, QA, Bug Tracking, Performance Testing",Automated 80% of test suite via Selenium/Python reducing QA time 70%; executed performance testing identifying bottlenecks reducing response time 50%; maintained 0.2% production defect rate
3_43,Software Engineer,Worked on backend systems,"Python, Django, RestAPI, PostgreSQL, Docker, Kubernetes","Built 3 scalable Django REST APIs handling 10M+ requests/month, reducing response latency by 40% via PostgreSQL query optimization; containerized with Docker and deployed via Kubernetes for 99.9% uptime"
3_43,Data Scientist,Analyzed customer data,"Python, SQL, Machine Learning, TensorFlow, BigQuery, Tableau","Engineered ML pipeline processing 500M+ customer records via BigQuery/TensorFlow; built 12 predictive models with 92% accuracy, deployed to production serving 500K daily predictions; visualized insights via Tableau for C-suite"
3_43,Product Manager,Led product launches,"Agile, Roadmap, Stakeholder Management, Analytics, A/B Testing",Directed 5 product launches reaching $2M ARR; managed cross-functional teams of 15+; defined roadmap via OKRs; drove 40% revenue growth through data-driven A/B testing and stakeholder alignment
3_43,DevOps Engineer,Managed infrastructure,"AWS, Terraform, CI/CD, Jenkins, Kubernetes, Monitoring",Architected AWS multi-region infrastructure via Terraform; automated CI/CD pipelines reducing deployment time 80% via Jenkins/GitHub Actions; managed 100-node Kubernetes cluster with 99.95% uptime SLA
3_43,Frontend Engineer,Built UI components,"React, TypeScript, Redux, CSS-in-JS, Performance, Accessibility",Engineered 50+ React components in TypeScript reducing bundle size 35% via code-splitting; optimized performance (Core Web Vitals: 95/100); implemented WCAG 2.1 AA accessibility standards
3_43,Finance Analyst,Created reports,"Excel, SQL, Financial Modeling, FP&A, Forecasting",Built 20+ financial models in Excel/SQL forecasting quarterly revenue with 98% accuracy; automated monthly reporting reducing analyst time 60%; identified $5M+ cost optimization opportunities
3_43,Marketing Manager,Ran campaigns,"Campaign Management, Email, SEO, Analytics, Growth",Executed 50+ integrated marketing campaigns generating $10M revenue; grew email list 5M subscribers with 35% open rate; drove organic traffic 200% via SEO optimization (5 keywords ranking #1)
3_43,Sales Engineer,Managed accounts,"B2B Sales, Technical Demos, Sales Engineering, CRM",Closed $8M in enterprise deals (avg $500K ARR) via technical demos and architecture consulting; maintained 95% customer renewal rate; trained 10-person sales team on technical value props
3_43,UX Designer,Designed interfaces,"Figma, User Research, Prototyping, Usability Testing, Design Systems",Designed complete design system in Figma serving 50+ product teams; conducted 200+ user research sessions reducing churn 25%; prototyped 15 features achieving 90% task completion in usability tests
3_43,QA Engineer,Tested software,"Automation, Selenium, QA, Bug Tracking, Performance Testing",Automated 80% of test suite via Selenium/Python reducing QA time 70%; executed performance testing identifying bottlenecks reducing response time 50%; maintained 0.2% production defect rate
4_44,Software Engineer,Worked on backend systems,"Python, Django, RestAPI, PostgreSQL, Docker, Kubernetes","Built 3 scalable Django REST APIs handling 10M+ requests/month, reducing response latency by 40% via PostgreSQL query optimization; containerized with Docker and deployed via Kubernetes for 99.9% uptime"
4_44,Data Scientist,Analyzed customer data,"Python, SQL, Machine Learning, TensorFlow, BigQuery, Tableau","Engineered ML pipeline processing 500M+ customer records via BigQuery/TensorFlow; built 12 predictive models with 92% accuracy, deployed to production serving 500K daily predictions; visualized insights via Tableau for C-suite"
4_44,Product Manager,Led product launches,"Agile, Roadmap, Stakeholder Management, Analytics, A/B Testing",Directed 5 product launches reaching $2M ARR; managed cross-functional teams of 15+; defined roadmap via OKRs; drove 40% revenue growth through data-driven A/B testing and stakeholder alignment
4_44,DevOps Engineer,Managed infrastructure,"AWS, Terraform, CI/CD, Jenkins, Kubernetes, Monitoring",Architected AWS multi-region infrastructure via Terraform; automated CI/CD pipelines reducing deployment time 80% via Jenkins/GitHub Actions; managed 100-node Kubernetes cluster with 99.95% uptime SLA
4_44,Frontend Engineer,Built UI components,"React, TypeScript, Redux, CSS-in-JS, Performance, Accessibility",Engineered 50+ React components in TypeScript reducing bundle size 35% via code-splitting; optimized performance (Core Web Vitals: 95/100); implemented WCAG 2.1 AA accessibility standards
4_44,Finance Analyst,Created reports,"Excel, SQL, Financial Modeling, FP&A, Forecasting",Built 20+ financial models in Excel/SQL forecasting quarterly revenue with 98% accuracy; automated monthly reporting reducing analyst time 60%; identified $5M+ cost optimization opportunities
4_44,Marketing Manager,Ran campaigns,"Campaign Management, Email, SEO, Analytics, Growth",Executed 50+ integrated marketing campaigns generating $10M revenue; grew email list 5M subscribers with 35% open rate; drove organic traffic 200% via SEO optimization (5 keywords ranking #1)
4_44,Sales Engineer,Managed accounts,"B2B Sales, Technical Demos, Sales Engineering, CRM",Closed $8M in enterprise deals (avg $500K ARR) via technical demos and architecture consulting; maintained 95% customer renewal rate; trained 10-person sales team on technical value props
4_44,UX Designer,Designed interfaces,"Figma, User Research, Prototyping, Usability Testing, Design Systems",Designed complete design system in Figma serving 50+ product teams; conducted 200+ user research sessions reducing churn 25%; prototyped 15 features achieving 90% task completion in usability tests
4_44,QA Engineer,Tested software,"Automation, Selenium, QA, Bug Tracking, Performance Testing",Automated 80% of test suite via Selenium/Python reducing QA time 70%; executed performance testing identifying bottlenecks reducing response time 50%; maintained 0.2% production defect rate
5_45,Software Engineer,Worked on backend systems,"Python, Django, RestAPI, PostgreSQL, Docker, Kubernetes","Built 3 scalable Django REST APIs handling 10M+ requests/month, reducing response latency by 40% via PostgreSQL query optimization; containerized with Docker and deployed via Kubernetes for 99.9% uptime"
5_45,Data Scientist,Analyzed customer data,"Python, SQL, Machine Learning, TensorFlow, BigQuery, Tableau","Engineered ML pipeline processing 500M+ customer records via BigQuery/TensorFlow; built 12 predictive models with 92% accuracy, deployed to production serving 500K daily predictions; visualized insights via Tableau for C-suite"
5_45,Product Manager,Led product launches,"Agile, Roadmap, Stakeholder Management, Analytics, A/B Testing",Directed 5 product launches reaching $2M ARR; managed cross-functional teams of 15+; defined roadmap via OKRs; drove 40% revenue growth through data-driven A/B testing and stakeholder alignment
5_45,DevOps Engineer,Managed infrastructure,"AWS, Terraform, CI/CD, Jenkins, Kubernetes, Monitoring",Architected AWS multi-region infrastructure via Terraform; automated CI/CD pipelines reducing deployment time 80% via Jenkins/GitHub Actions; managed 100-node Kubernetes cluster with 99.95% uptime SLA
5_45,Frontend Engineer,Built UI components,"React, TypeScript, Redux, CSS-in-JS, Performance, Accessibility",Engineered 50+ React components in TypeScript reducing bundle size 35% via code-splitting; optimized performance (Core Web Vitals: 95/100); implemented WCAG 2.1 AA accessibility standards
5_45,Finance Analyst,Created reports,"Excel, SQL, Financial Modeling, FP&A, Forecasting",Built 20+ financial models in Excel/SQL forecasting quarterly revenue with 98% accuracy; automated monthly reporting reducing analyst time 60%; identified $5M+ cost optimization opportunities
5_45,Marketing Manager,Ran campaigns,"Campaign Management, Email, SEO, Analytics, Growth",Executed 50+ integrated marketing campaigns generating $10M revenue; grew email list 5M subscribers with 35% open rate; drove organic traffic 200% via SEO optimization (5 keywords ranking #1)
5_45,Sales Engineer,Managed accounts,"B2B Sales, Technical Demos, Sales Engineering, CRM",Closed $8M in enterprise deals (avg $500K ARR) via technical demos and architecture consulting; maintained 95% customer renewal rate; trained 10-person sales team on technical value props
5_45,UX Designer,Designed interfaces,"Figma, User Research, Prototyping, Usability Testing, Design Systems",Designed complete design system in Figma serving 50+ product teams; conducted 200+ user research sessions reducing churn 25%; prototyped 15 features achieving 90% task completion in usability tests
5_45,QA Engineer,Tested software,"Automation, Selenium, QA, Bug Tracking, Performance Testing",Automated 80% of test suite via Selenium/Python reducing QA time 70%; executed performance testing identifying bottlenecks reducing response time 50%; maintained 0.2% production defect rate
6_46,Software Engineer,Worked on backend systems,"Python, Django, RestAPI, PostgreSQL, Docker, Kubernetes","Built 3 scalable Django REST APIs handling 10M+ requests/month, reducing response latency by 40% via PostgreSQL query optimization; containerized with Docker and deployed via Kubernetes for 99.9% uptime"
6_46,Data Scientist,Analyzed customer data,"Python, SQL, Machine Learning, TensorFlow, BigQuery, Tableau","Engineered ML pipeline processing 500M+ customer records via BigQuery/TensorFlow; built 12 predictive models with 92% accuracy, deployed to production serving 500K daily predictions; visualized insights via Tableau for C-suite"
6_46,Product Manager,Led product launches,"Agile, Roadmap, Stakeholder Management, Analytics, A/B Testing",Directed 5 product launches reaching $2M ARR; managed cross-functional teams of 15+; defined roadmap via OKRs; drove 40% revenue growth through data-driven A/B testing and stakeholder alignment
6_46,DevOps Engineer,Managed infrastructure,"AWS, Terraform, CI/CD, Jenkins, Kubernetes, Monitoring",Architected AWS multi-region infrastructure via Terraform; automated CI/CD pipelines reducing deployment time 80% via Jenkins/GitHub Actions; managed 100-node Kubernetes cluster with 99.95% uptime SLA
6_46,Frontend Engineer,Built UI components,"React, TypeScript, Redux, CSS-in-JS, Performance, Accessibility",Engineered 50+ React components in TypeScript reducing bundle size 35% via code-splitting; optimized performance (Core Web Vitals: 95/100); implemented WCAG 2.1 AA accessibility standards
6_46,Finance Analyst,Created reports,"Excel, SQL, Financial Modeling, FP&A, Forecasting",Built 20+ financial models in Excel/SQL forecasting quarterly revenue with 98% accuracy; automated monthly reporting reducing analyst time 60%; identified $5M+ cost optimization opportunities
6_46,Marketing Manager,Ran campaigns,"Campaign Management, Email, SEO, Analytics, Growth",Executed 50+ integrated marketing campaigns generating $10M revenue; grew email list 5M subscribers with 35% open rate; drove organic traffic 200% via SEO optimization (5 keywords ranking #1)
6_46,Sales Engineer,Managed accounts,"B2B Sales, Technical Demos, Sales Engineering, CRM",Closed $8M in enterprise deals (avg $500K ARR) via technical demos and architecture consulting; maintained 95% customer renewal rate; trained 10-person sales team on technical value props
6_46,UX Designer,Designed interfaces,"Figma, User Research, Prototyping, Usability Testing, Design Systems",Designed complete design system in Figma serving 50+ product teams; conducted 200+ user research sessions reducing churn 25%; prototyped 15 features achieving 90% task completion in usability tests
6_46,QA Engineer,Tested software,"Automation, Selenium, QA, Bug Tracking, Performance Testing",Automated 80% of test suite via Selenium/Python reducing QA time 70%; executed performance testing identifying bottlenecks reducing response time 50%; maintained 0.2% production defect rate
7_47,Software Engineer,Worked on backend systems,"Python, Django, RestAPI, PostgreSQL, Docker, Kubernetes","Built 3 scalable Django REST APIs handling 10M+ requests/month, reducing response latency by 40% via PostgreSQL query optimization; containerized with Docker and deployed via Kubernetes for 99.9% uptime"
7_47,Data Scientist,Analyzed customer data,"Python, SQL, Machine Learning, TensorFlow, BigQuery, Tableau","Engineered ML pipeline processing 500M+ customer records via BigQuery/TensorFlow; built 12 predictive models with 92% accuracy, deployed to production serving 500K daily predictions; visualized insights via Tableau for C-suite"
7_47,Product Manager,Led product launches,"Agile, Roadmap, Stakeholder Management, Analytics, A/B Testing",Directed 5 product launches reaching $2M ARR; managed cross-functional teams of 15+; defined roadmap via OKRs; drove 40% revenue growth through data-driven A/B testing and stakeholder alignment
7_47,DevOps Engineer,Managed infrastructure,"AWS, Terraform, CI/CD, Jenkins, Kubernetes, Monitoring",Architected AWS multi-region infrastructure via Terraform; automated CI/CD pipelines reducing deployment time 80% via Jenkins/GitHub Actions; managed 100-node Kubernetes cluster with 99.95% uptime SLA
7_47,Frontend Engineer,Built UI components,"React, TypeScript, Redux, CSS-in-JS, Performance, Accessibility",Engineered 50+ React components in TypeScript reducing bundle size 35% via code-splitting; optimized performance (Core Web Vitals: 95/100); implemented WCAG 2.1 AA accessibility standards
7_47,Finance Analyst,Created reports,"Excel, SQL, Financial Modeling, FP&A, Forecasting",Built 20+ financial models in Excel/SQL forecasting quarterly revenue with 98% accuracy; automated monthly reporting reducing analyst time 60%; identified $5M+ cost optimization opportunities
7_47,Marketing Manager,Ran campaigns,"Campaign Management, Email, SEO, Analytics, Growth",Executed 50+ integrated marketing campaigns generating $10M revenue; grew email list 5M subscribers with 35% open rate; drove organic traffic 200% via SEO optimization (5 keywords ranking #1)
7_47,Sales Engineer,Managed accounts,"B2B Sales, Technical Demos, Sales Engineering, CRM",Closed $8M in enterprise deals (avg $500K ARR) via technical demos and architecture consulting; maintained 95% customer renewal rate; trained 10-person sales team on technical value props
7_47,UX Designer,Designed interfaces,"Figma, User Research, Prototyping, Usability Testing, Design Systems",Designed complete design system in Figma serving 50+ product teams; conducted 200+ user research sessions reducing churn 25%; prototyped 15 features achieving 90% task completion in usability tests
7_47,QA Engineer,Tested software,"Automation, Selenium, QA, Bug Tracking, Performance Testing",Automated 80% of test suite via Selenium/Python reducing QA time 70%; executed performance testing identifying bottlenecks reducing response time 50%; maintained 0.2% production defect rate
8_48,Software Engineer,Worked on backend systems,"Python, Django, RestAPI, PostgreSQL, Docker, Kubernetes","Built 3 scalable Django REST APIs handling 10M+ requests/month, reducing response latency by 40% via PostgreSQL query optimization; containerized with Docker and deployed via Kubernetes for 99.9% uptime"
8_48,Data Scientist,Analyzed customer data,"Python, SQL, Machine Learning, TensorFlow, BigQuery, Tableau","Engineered ML pipeline processing 500M+ customer records via BigQuery/TensorFlow; built 12 predictive models with 92% accuracy, deployed to production serving 500K daily predictions; visualized insights via Tableau for C-suite"
8_48,Product Manager,Led product launches,"Agile, Roadmap, Stakeholder Management, Analytics, A/B Testing",Directed 5 product launches reaching $2M ARR; managed cross-functional teams of 15+; defined roadmap via OKRs; drove 40% revenue growth through data-driven A/B testing and stakeholder alignment
8_48,DevOps Engineer,Managed infrastructure,"AWS, Terraform, CI/CD, Jenkins, Kubernetes, Monitoring",Architected AWS multi-region infrastructure via Terraform; automated CI/CD pipelines reducing deployment time 80% via Jenkins/GitHub Actions; managed 100-node Kubernetes cluster with 99.95% uptime SLA
8_48,Frontend Engineer,Built UI components,"React, TypeScript, Redux, CSS-in-JS, Performance, Accessibility",Engineered 50+ React components in TypeScript reducing bundle size 35% via code-splitting; optimized performance (Core Web Vitals: 95/100); implemented WCAG 2.1 AA accessibility standards
8_48,Finance Analyst,Created reports,"Excel, SQL, Financial Modeling, FP&A, Forecasting",Built 20+ financial models in Excel/SQL forecasting quarterly revenue with 98% accuracy; automated monthly reporting reducing analyst time 60%; identified $5M+ cost optimization opportunities
8_48,Marketing Manager,Ran campaigns,"Campaign Management, Email, SEO, Analytics, Growth",Executed 50+ integrated marketing campaigns generating $10M revenue; grew email list 5M subscribers with 35% open rate; drove organic traffic 200% via SEO optimization (5 keywords ranking #1)
8_48,Sales Engineer,Managed accounts,"B2B Sales, Technical Demos, Sales Engineering, CRM",Closed $8M in enterprise deals (avg $500K ARR) via technical demos and architecture consulting; maintained 95% customer renewal rate; trained 10-person sales team on technical value props
8_48,UX Designer,Designed interfaces,"Figma, User Research, Prototyping, Usability Testing, Design Systems",Designed complete design system in Figma serving 50+ product teams; conducted 200+ user research sessions reducing churn 25%; prototyped 15 features achieving 90% task completion in usability tests
8_48,QA Engineer,Tested software,"Automation, Selenium, QA, Bug Tracking, Performance Testing",Automated 80% of test suite via Selenium/Python reducing QA time 70%; executed performance testing identifying bottlenecks reducing response time 50%; maintained 0.2% production defect rate
9_49,Software Engineer,Worked on backend systems,"Python, Django, RestAPI, PostgreSQL, Docker, Kubernetes","Built 3 scalable Django REST APIs handling 10M+ requests/month, reducing response latency by 40% via PostgreSQL query optimization; containerized with Docker and deployed via Kubernetes for 99.9% uptime"
9_49,Data Scientist,Analyzed customer data,"Python, SQL, Machine Learning, TensorFlow, BigQuery, Tableau","Engineered ML pipeline processing 500M+ customer records via BigQuery/TensorFlow; built 12 predictive models with 92% accuracy, deployed to production serving 500K daily predictions; visualized insights via Tableau for C-suite"
9_49,Product Manager,Led product launches,"Agile, Roadmap, Stakeholder Management, Analytics, A/B Testing",Directed 5 product launches reaching $2M ARR; managed cross-functional teams of 15+; defined roadmap via OKRs; drove 40% revenue growth through data-driven A/B testing and stakeholder alignment
9_49,DevOps Engineer,Managed infrastructure,"AWS, Terraform, CI/CD, Jenkins, Kubernetes, Monitoring",Architected AWS multi-region infrastructure via Terraform; automated CI/CD pipelines reducing deployment time 80% via Jenkins/GitHub Actions; managed 100-node Kubernetes cluster with 99.95% uptime SLA
9_49,Frontend Engineer,Built UI components,"React, TypeScript, Redux, CSS-in-JS, Performance, Accessibility",Engineered 50+ React components in TypeScript reducing bundle size 35% via code-splitting; optimized performance (Core Web Vitals: 95/100); implemented WCAG 2.1 AA accessibility standards
9_49,Finance Analyst,Created reports,"Excel, SQL, Financial Modeling, FP&A, Forecasting",Built 20+ financial models in Excel/SQL forecasting quarterly revenue with 98% accuracy; automated monthly reporting reducing analyst time 60%; identified $5M+ cost optimization opportunities
9_49,Marketing Manager,Ran campaigns,"Campaign Management, Email, SEO, Analytics, Growth",Executed 50+ integrated marketing campaigns generating $10M revenue; grew email list 5M subscribers with 35% open rate; drove organic traffic 200% via SEO optimization (5 keywords ranking #1)
9_49,Sales Engineer,Managed accounts,"B2B Sales, Technical Demos, Sales Engineering, CRM",Closed $8M in enterprise deals (avg $500K ARR) via technical demos and architecture consulting; maintained 95% customer renewal rate; trained 10-person sales team on technical value props
9_49,UX Designer,Designed interfaces,"Figma, User Research, Prototyping, Usability Testing, Design Systems",Designed complete design system in Figma serving 50+ product teams; conducted 200+ user research sessions reducing churn 25%; prototyped 15 features achieving 90% task completion in usability tests
9_49,QA Engineer,Tested software,"Automation, Selenium, QA, Bug Tracking, Performance Testing",Automated 80% of test suite via Selenium/Python reducing QA time 70%; executed performance testing identifying bottlenecks reducing response time 50%; maintained 0.2% production defect rate
